source,target
よろしくお願いします,Nice to meet you.
盤上の新兵,Board Recruit
期待の駆け出し,Promising Beginner
新鋭の指し手,Rising Player
不屈の挑戦者,Indomitable Challenger
智略の軍師,Strategic Tactician
千里眼の戦略家,Farsighted Strategist
神速の名手,Lightning Master
明鏡の達人,Clear-Minded Expert
孤高の修羅,Solitary Warrior
百戦の名将,Veteran Commander
天賦の桜傑,Gifted Kio Prodigy
威風の桜帝,Majestic Kio Emperor
神技の桜聖,Divine Kio Saint
至高の棋桜神,Supreme Kio Deity
猫宮 さくら,Nekomiya Sakura
氷室 ユキ,Himuro Yuki
徳永 利蔵,Tokunaga Rizo
黒羽 エレナ,Kurobane Elena
七星 みくり,Nanahoshi Mikuri
西園寺 レイナ,Saionji Reina
ソフィア,Sophia
八雲 龍菜,Yakumo Takina
宵月,Yoizuki
狼谷 シロウ,Kamitani Shiro
金城 豪,Kinjo Go
高瀬 紘一,Takase Koichi
ねこみや さくら,Nekomiya Sakura
柊 優花,Hiiragi Yuka
15歳,15 years old
3月31日,March 31
"将棋カフェ「カフェ 棋桜」で働く、明るく元気な見習い店員。
天真爛漫で人懐っこく、初めてのお客さんにも笑顔で話しかけるお店のムードメーカー。
「楽しく指せばいいよ！」が口癖で、初心者に将棋を教えてくれる。
将棋の腕前はまだ未熟だけど、天真爛漫な笑顔と人懐っこい性格で、お客さんからの人気が高い。
ユキに戦法を教わりながら、日々成長中。","A bright, energetic trainee server at Shogi Cafe Kio.
Cheerful and friendly, she is the cafe's mood-maker, smiling and chatting even with first-time customers.
Her favorite saying is, ""Just have fun playing!"" and she helps beginners learn shogi.
Her own shogi is still developing, but customers love her sunny smile and open personality.
With Yuki teaching her strategies, she is growing day by day."
ひむろ ゆき,Himuro Yuki
東雲 はる,Shinonome Haru
18歳,18 years old
2月24日,February 24
"将棋カフェ「カフェ 棋桜」のチーフスタッフで、猫宮さくらの教育係でもある。
一見クールな印象だが将棋への情熱は誰よりも強く、日々研究を続けている。
仕事中は丁寧で落ち着いている印象だが、プライベートだとおっちょこちょいな一面を見せることも。","The chief staff member at Shogi Cafe Kio and Sakura Nekomiya's mentor.
She may seem cool at first, but no one is more passionate about shogi, and she studies every day.
At work she is polite and composed, though in private she sometimes shows a surprisingly clumsy side."
とくなが としぞう,Tokunaga Rizo
新田 純輝,Nitta Junki
68歳,68 years old
7月15日,July 15
"長年働いた職（和食料理人）を引退し、今は気ままに暮らしているおじいちゃん。
将棋カフェ「カフェ 棋桜」にはほぼ毎日のように顔を出し、対局を眺めたり、気が向けば一局指したりしている。
負けても勝っても楽しそうに笑う。","A grandfatherly regular who retired after many years as a Japanese cuisine chef and now lives at his own pace.
He visits Shogi Cafe Kio almost every day, watching games or playing one himself when the mood strikes.
Win or lose, he laughs like he enjoyed every moment."
くろばね えれな,Kurobane Elena
日比 優理香,Hibi Yurika
27歳,27 years old
12月15日,December 15
"ライバル将棋カフェオーナーにして、将棋界で恐れられるプロ棋士。
美貌と知略を兼ね備え、店の常連には実業家やプロ棋士志望が集まる。
将棋のイベントには頻繁に足を運び、目ぼしい人材がいたらスカウトしている。
根底には将棋を愛する純粋な思いがあり、実力者や努力家には敬意を払う。","Owner of a rival shogi cafe and a professional player feared throughout the shogi world.
Blessed with beauty and intellect, her shop attracts entrepreneurs and aspiring pros.
She often attends shogi events, scouting any promising talent she finds.
At heart she genuinely loves shogi, and she respects both strength and hard work."
ななほし みくり,Nanahoshi Mikuri
日高 里菜,Hidaka Rina
14歳,14 years old
7月7日,July 7
"異常な終盤力を持つ天才少女。
「カフェ棋桜」には、紅茶とスイーツ目当てで、ほぼ毎日現れる。
古めかしい言葉づかいで相手をからかいながら、自由な感性と鋭い直感で盤上を支配する。
勝てばドヤ顔、負ければ少しだけ不機嫌。
でも次の日には何事もなかったかのように現れる。","A genius girl with extraordinary endgame strength.
She appears at Cafe Kio almost every day, mainly for tea and sweets.
With old-fashioned speech and teasing remarks, she controls the board through freewheeling intuition.
When she wins she looks smug; when she loses she gets a little sulky.
By the next day, though, she shows up as if nothing happened."
さいおんじ れいな,Saionji Reina
伊藤 舞音,Ito Maina
16歳,16 years old
5月20日,May 20
"成績優秀で運動神経も抜群、正義感が強いため男女問わず学内で信頼されている。
「カフェ 棋桜」には定期的に訪れ、常連の中でもトップクラスの強さを誇る。
将棋でも人生でも""まっすぐであること""を大切にしている。","An excellent student and gifted athlete whose strong sense of justice earns trust from everyone at school.
She regularly visits Cafe Kio and is one of the strongest among its regulars.
In shogi and in life, she values being straightforward above all else."
そふぃあ,Sophia
清水 理沙,Shimizu Risa
22歳,22 years old
9月25日,September 25
"修道院で暮らすシスター。
""精神修行""の一環として将棋を学び始めたところ、冷静沈着な性格と深い集中力がかみ合い、修道院の中でトップの実力を持つように。
子供が正解手を指した時には、無意識のうちに頭をなでる癖がある。
撫でている時は聖母の微笑みを浮かべているという噂も。","A sister who lives in a monastery.
She began learning shogi as part of her spiritual training, and her calm nature and deep focus made her the strongest player there.
When a child finds the right move, she unconsciously pats them on the head.
Rumor says she wears a saintly smile when she does."
やくも たきな,Yakumo Takina
岬 なこ,Misaki Nako
10月26日,October 26
"名だたる将棋の棋士の孫娘として幼い頃から将棋に触れて育った。
高い棋力を持ちながらも、礼儀を重んじ、「盤を挟めば誰とでも分かり合える」という信念を持つ。
「カフェ 棋桜」には、和菓子と将棋を楽しむ時間を求めてたびたび訪れる。","Granddaughter of a renowned shogi player, she grew up surrounded by the game.
Despite her high skill, she values courtesy and believes anyone can understand each other across the board.
She often visits Cafe Kio to enjoy wagashi and shogi."
よいづき,Yoizuki
日笠 陽子,Hikasa Yoko
19歳,19 years old
6月12日,June 12
"忍者の里に生まれたくノ一で、表の世界に下りて以来、あらゆる武芸の達人に挑んできた。
ある時、将棋に触れ、その奥深さに魅了される。以来""将棋で最強を目指す""という異色のくノ一として各地を渡り歩いている。
なお、将棋にはまりすぎて忍ぶ技術が低下している。
将棋カフェ「カフェ 棋桜」には時折姿を現し、腕利きの客たちに腕試しで挑んでいる。","A kunoichi born in a ninja village who has challenged masters of every martial art since entering the outside world.
After discovering shogi, she was captivated by its depth and began traveling as a most unusual kunoichi: one seeking to become the strongest through shogi.
Unfortunately, her stealth has declined because she is too absorbed in the game.
She sometimes appears at Shogi Cafe Kio to test herself against skilled customers."
かみたに しろう,Kamitani Shiro
岡本 信彦,Okamoto Nobuhiko
11月16日,November 16
"過去に金城 豪に助けられた恩があるらしく、恩返しとして「カフェ 棋桜」の用心棒をしてくれる青年。
基本的に店の隅で腕組みをして目を閉じているか、静かに詰将棋を解いている。","A young man who was once helped by Go Kinjo and now serves as Cafe Kio's bouncer to repay the favor.
He usually stands in a corner with his arms crossed and eyes closed, or quietly solves tsume shogi."
きんじょう ごう,Kinjo Go
服部 英史,Hattori Eiji
45歳,45 years old
1月11日,January 11
"実業家であり、【カフェ 棋桜】のスポンサー。
金を出す理由は単純で、「面白そうだから」。
難しい理屈や計算よりも、その場の空気、盛り上がり、将来""デカくなりそうな匂い""を重視する。","A businessman and sponsor of Cafe Kio.
His reason for funding it is simple: it looked interesting.
Rather than complicated logic or calculations, he trusts the atmosphere, excitement, and the scent of something that could become big."
たかせ こういち,Takase Koichi
玉垣 アキト,Tamagaki Akito
32歳,32 years old
4月15日,April 15
"大企業勤めのエリートサラリーマン。日中は責任ある業務に追われているが、仕事終わりに「カフェ 棋桜」に立ち寄り、糖分補給と将棋でリセットするのが日課。
一見すると難しい顔で盤面を睨んでいるが、手元には「季節限定・スイーツ」が置かれていることが多々ある。","An elite office worker at a major company. By day he carries heavy responsibilities, but after work he resets at Cafe Kio with sugar and shogi.
He may look stern while staring at the board, but a seasonal dessert is often sitting close at hand."
豪華な扇子,Luxurious Fan
サファイアリング,Sapphire Ring
ホールケーキ,Whole Cake
桜の盆栽,Cherry Bonsai
桐箱入り煎餅,Senbei in Paulownia Box
和菓子セット,Wagashi Set
魔導書,Grimoire
一升瓶,Large Sake Bottle
暁光の宝珠,Dawn Orb
慕情の宝珠,Affection Orb
花信の宝珠,Flower-Tidings Orb
月華の宝珠,Moonlight Orb
碧水の宝珠,Azure Water Orb
叡智の宝珠,Wisdom Orb
烈火の宝珠,Blazing Fire Orb
翠葉の宝珠,Verdant Leaf Orb
出会い,First Meeting
対局開始・自分,Match Start: Self
対局開始・相手,Match Start: Opponent
対局開始・ミラー,Match Start: Mirror
終局勝利1,Win 1
終局勝利2,Win 2
終局勝利3,Win 3
終局勝利4,Win 4
ログイン・普通,Login: Normal
ログイン・契約済み,Login: Contracted
メイン1,Main 1
メイン2,Main 2
メイン3,Main 3
メイン4,Main 4
メイン5,Main 5
メイン6,Main 6
メイン7,Main 7
メイン8,Main 8
プレゼント・通常,Gift: Normal
プレゼント・好み,Gift: Favorite
親密度アップ1,Bond Up 1
親密度アップ2,Bond Up 2
親密度アップ3,Bond Up 3
親密度アップ4,Bond Up 4
親密度アップ5,Bond Up 5
師弟契約,Mentorship Contract
王手,Check
持ち駒使用時,Using a Piece in Hand
詰み,Mate
敗北時,On Defeat
引き分け,Draw
時間切れ,Time Out
終盤,Endgame
駒成り時,On Promotion
劣勢,Disadvantage
勝勢,Winning Position
敗勢,Losing Position
大駒使用時,Using a Major Piece
無償棋晶石,Free Kisho Crystals
淡い蒼に虹色の光を宿した結晶。さまざまな願いを呼び込む。,A pale blue crystal holding rainbow light. It draws in many kinds of wishes.
有償棋晶石,Paid Kisho Crystals
金貨,Gold Coins
紋章が刻まれた金貨。市場で広く流通している。,A gold coin stamped with a crest. Widely used in the market.
想いの石,Bond Stone
棋士との縁が形を成した石。やわらかな桜色に輝く。,A stone formed from your bond with a player. It shines with a soft cherry color.
装飾品の石,Accessory Stone
若葉の紋が浮かぶ石。みずみずしい緑色に輝く。,A stone marked with a young leaf crest. It shines fresh green.
贈り物の石,Gift Stone
贈り物に宿る想いが凝縮された小さな石。,A small stone condensed from the feelings held in a gift.
若葉の宝袋,Young Leaf Treasure Bag
若葉色の宝袋。普通の贈り物をランダムに１個入手する。,A young-leaf-colored treasure bag. Grants one random normal gift.
蒼月の宝袋,Blue Moon Treasure Bag
藍色の宝袋。上質な贈り物をランダムに１個入手する。,An indigo treasure bag. Grants one random fine gift.
紅葉の宝袋,Autumn Leaf Treasure Bag
紅葉の宝袋。高級な贈り物をランダムに１個入手する。,An autumn-leaf treasure bag. Grants one random luxury gift.
名前変更券,Name Change Ticket
新しい名前で心機一転。次の一歩を踏み出そう。,Start fresh with a new name and take your next step.
解析の鍵 1日券,Analysis Key: 1 Day
棋譜の真実を映し出す不思議な鍵。盤上に隠れた一手を照らす。,A mysterious key that reveals the truth of a game record and illuminates the hidden move on the board.
解析の鍵 30日券,Analysis Key: 30 Days
棋桜覚醒券,Kio Awakening Ticket
対局中に棋桜覚醒を発動できる。盤上が光に包まれ、迷いを打ち払う。,Allows Kio Awakening during a match. Light fills the board and clears away hesitation.
幸運の勾玉 30日券,Lucky Magatama: 30 Days
幸運を呼ぶ瑠璃色の勾玉。持つ者に日々の恵みをもたらす。,A lapis-colored magatama that calls good fortune and brings daily blessings to its holder.
縁結び券,Bond Draw Ticket
新たな出会いの予感。通常縁結びで使用できる。,A sign of a new meeting. Usable for normal Bond Draws.
イベント縁結び券,Event Bond Draw Ticket
特別な出会いの予感。イベント縁結びで使用できる。,A sign of a special meeting. Usable for event Bond Draws.
陽の紋が刻まれた珠。棋士と師弟契約を結ぶ際に必要。,An orb engraved with a sun crest. Required to form a mentorship contract with a player.
心の紋が刻まれた珠。棋士と師弟契約を結ぶ際に必要。,An orb engraved with a heart crest. Required to form a mentorship contract with a player.
花の紋が刻まれた珠。棋士と師弟契約を結ぶ際に必要。,An orb engraved with a flower crest. Required to form a mentorship contract with a player.
月の紋が刻まれた珠。棋士と師弟契約を結ぶ際に必要。,An orb engraved with a moon crest. Required to form a mentorship contract with a player.
波の紋が刻まれた珠。棋士と師弟契約を結ぶ際に必要。,An orb engraved with a wave crest. Required to form a mentorship contract with a player.
書物の紋が刻まれた珠。棋士と師弟契約を結ぶ際に必要。,An orb engraved with a book crest. Required to form a mentorship contract with a player.
炎の紋が刻まれた珠。棋士と師弟契約を結ぶ際に必要。,An orb engraved with a flame crest. Required to form a mentorship contract with a player.
双葉の紋が刻まれた珠。棋士と師弟契約を結ぶ際に必要。,An orb engraved with a sprout crest. Required to form a mentorship contract with a player.
シンプル扇子,Simple Fan
飾り気のない白扇。棋士にあげると親密度が200上昇。『扇子』が好きな棋士にあげるとさらに増加。,A plain white fan. Give it to a player to raise Bond by 200. Grants more if they like fans.
ビー玉,Glass Marble
光にかざすと小さな宇宙が見える。棋士にあげると親密度が200上昇。『宝石』が好きな棋士にあげるとさらに増加。,Hold it to the light and a tiny universe appears. Give it to a player to raise Bond by 200. Grants more if they like gems.
プリン,Pudding
なめらかな口当たりとほろ苦いカラメル。棋士にあげると親密度が200上昇。『スイーツ』が好きな棋士にあげるとさらに増加。,Smooth pudding with bittersweet caramel. Give it to a player to raise Bond by 200. Grants more if they like sweets.
植木鉢,Potted Plant
小さな芽が顔を出している。棋士にあげると親密度が200上昇。『盆栽』が好きな棋士にあげるとさらに増加。,A tiny sprout is peeking out. Give it to a player to raise Bond by 200. Grants more if they like bonsai.
煎餅,Senbei
醤油の香ばしさがたまらない。棋士にあげると親密度が200上昇。『煎餅』が好きな棋士にあげるとさらに増加。,Irresistibly fragrant soy sauce senbei. Give it to a player to raise Bond by 200. Grants more if they like senbei.
団子,Dango
三色揃って初めて完成する日本の定番おやつ。棋士にあげると親密度が200上昇。『和菓子』が好きな棋士にあげるとさらに増加。,A classic Japanese snack complete only with all three colors. Give it to a player to raise Bond by 200. Grants more if they like wagashi.
文庫本,Paperback Book
手軽に持ち歩ける一冊。棋士にあげると親密度が200上昇。『本』が好きな棋士にあげるとさらに増加。,A book easy to carry around. Give it to a player to raise Bond by 200. Grants more if they like books.
緑茶,Green Tea
湯気の立つ一杯。棋士にあげると親密度が200上昇。『酒』が好きな棋士にあげるとさらに増加。,A steaming cup. Give it to a player to raise Bond by 200. Grants more if they like drinks.
和柄の扇子,Japanese-Pattern Fan
"鮮やかな和柄が描かれた扇子。棋士にあげると親密度が1,000上昇。『扇子』が好きな棋士にあげるとさらに増加。","A fan painted with vivid Japanese patterns. Give it to a player to raise Bond by 1,000. Grants more if they like fans."
1粒のサファイア,Single Sapphire
"深い青に吸い込まれそうになる。棋士にあげると親密度が1,000上昇。『宝石』が好きな棋士にあげるとさらに増加。","Its deep blue seems to draw you in. Give it to a player to raise Bond by 1,000. Grants more if they like gems."
プリンアラモード,Pudding a la Mode
"フルーツとクリームで着飾ったプリン。棋士にあげると親密度が1,000上昇。『スイーツ』が好きな棋士にあげるとさらに増加。","Pudding dressed with fruit and cream. Give it to a player to raise Bond by 1,000. Grants more if they like sweets."
盆栽,Bonsai
"手のひらに収まる小さな自然。棋士にあげると親密度が1,000上昇。『盆栽』が好きな棋士にあげるとさらに増加。","A tiny piece of nature in your palm. Give it to a player to raise Bond by 1,000. Grants more if they like bonsai."
袋入り煎餅,Bag of Senbei
"何枚も入った贅沢なお徳用。棋士にあげると親密度が1,000上昇。『煎餅』が好きな棋士にあげるとさらに増加。","A generous value bag packed with senbei. Give it to a player to raise Bond by 1,000. Grants more if they like senbei."
桜の和菓子,Sakura Wagashi
"桜の花びらを練り込んだ上品な一品。棋士にあげると親密度が1,000上昇。『和菓子』が好きな棋士にあげるとさらに増加。","An elegant sweet kneaded with cherry blossom petals. Give it to a player to raise Bond by 1,000. Grants more if they like wagashi."
ハードカバーの本,Hardcover Book
"ずっしりと重みのある装丁。棋士にあげると親密度が1,000上昇。『本』が好きな棋士にあげるとさらに増加。","A weighty, handsomely bound book. Give it to a player to raise Bond by 1,000. Grants more if they like books."
酒,Sake
"芳醇な香りの日本酒。棋士にあげると親密度が1,000上昇。『酒』が好きな棋士にあげるとさらに増加。","Japanese sake with a rich aroma. Give it to a player to raise Bond by 1,000. Grants more if they like sake."
"金箔と螺鈿で彩られた最高級扇子。棋士にあげると親密度が5,000上昇。『扇子』が好きな棋士にあげるとさらに増加。","A finest-quality fan decorated with gold leaf and mother-of-pearl. Give it to a player to raise Bond by 5,000. Grants more if they like fans."
"深青の宝石をあしらった指輪。棋士にあげると親密度が5,000上昇。『宝石』が好きな棋士にあげるとさらに増加。","A ring set with a deep-blue jewel. Give it to a player to raise Bond by 5,000. Grants more if they like gems."
"まるごと一台の特注ケーキ。棋士にあげると親密度が5,000上昇。『スイーツ』が好きな棋士にあげるとさらに増加。","A whole custom-made cake. Give it to a player to raise Bond by 5,000. Grants more if they like sweets."
"満開の桜が咲き誇る盆栽。棋士にあげると親密度が5,000上昇。『盆栽』が好きな棋士にあげるとさらに増加。","A bonsai with cherry blossoms in full bloom. Give it to a player to raise Bond by 5,000. Grants more if they like bonsai."
"桐箱に丁重に収められた最高級品。棋士にあげると親密度が5,000上昇。『煎餅』が好きな棋士にあげるとさらに増加。","A premium item carefully packed in a paulownia box. Give it to a player to raise Bond by 5,000. Grants more if they like senbei."
"名店の味を詰め合わせた逸品。棋士にあげると親密度が5,000上昇。『和菓子』が好きな棋士にあげるとさらに増加。","A fine assortment from a famous shop. Give it to a player to raise Bond by 5,000. Grants more if they like wagashi."
"古びた革表紙に金文字が輝く。棋士にあげると親密度が5,000上昇。『本』が好きな棋士にあげるとさらに増加。","Gold letters shine on an aged leather cover. Give it to a player to raise Bond by 5,000. Grants more if they like books."
"蔵元秘蔵の大吟醸。棋士にあげると親密度が5,000上昇。『酒』が好きな棋士にあげるとさらに増加。","A brewery's treasured daiginjo. Give it to a player to raise Bond by 5,000. Grants more if they like sake."
棋晶石,Kisho Crystals
淡い青に虹色の光を宿した結晶。さまざまな願いを呼び込む。,A pale blue crystal holding rainbow light. It draws in many kinds of wishes.
紅の御守,Crimson Charm
縁結びのたびに授かる小さなお守り。集めると願いが届く。,A small charm granted with each Bond Draw. Gather them and your wish will reach its destination.
金の御守,Gold Charm
銀の御守,Silver Charm
アイコン「狼谷シロウ」,Icon: Kamitani Shiro
アイコン「七星みくり」,Icon: Nanahoshi Mikuri
アイコン「八雲瀧菜」,Icon: Yakumo Takina
アイコン「黒羽エレナ」,Icon: Kurobane Elena
アイコン「西園寺レイナ」,Icon: Saionji Reina
アイコン「宵月」,Icon: Yoizuki
アイコン「金城豪」,Icon: Kinjo Go
アイコン「高瀬紘一」,Icon: Takase Koichi
アイコン「猫宮さくら」,Icon: Nekomiya Sakura
金貨5000個,"5,000 Gold Coins"
金貨30000個,"30,000 Gold Coins"
金貨60000個,"60,000 Gold Coins"
金貨300000個,"300,000 Gold Coins"
金貨500000個,"500,000 Gold Coins"
金貨1000000個,"1,000,000 Gold Coins"
紫艶の駒,Violet Luster Pieces
錦秋の駒,Autumn Brocade Pieces
金煌の駒,Golden Gleam Pieces
紳叡の駒,Refined Wisdom Pieces
白狼の駒,White Wolf Pieces
月影の駒,Moonshadow Pieces
凛風の駒,Bracing Wind Pieces
黒蝶の駒,Black Butterfly Pieces
普通の駒,Standard Pieces
桜花の駒,Sakura Pieces
氷雪の駒,Ice-Snow Pieces
木紋の駒,Woodgrain Pieces
聖光の駒,Sacred Light Pieces
紫艶の盤面,Violet Luster Board
錦秋の盤面,Autumn Brocade Board
金煌の盤面,Golden Gleam Board
紳叡の盤面,Refined Wisdom Board
白狼の盤面,White Wolf Board
月影の盤面,Moonshadow Board
凛風の盤面,Bracing Wind Board
黒蝶の盤面,Black Butterfly Board
普通の盤面,Standard Board
桜花の盤面,Sakura Board
氷雪の盤面,Ice-Snow Board
木紋の盤面,Woodgrain Board
聖光の盤面,Sacred Light Board
通常BGM,Default BGM
飛翔-序章,Flight: Prelude
飛翔-本章,Flight: Main
飛翔-終章,Flight: Finale
黒蝶-本章,Black Butterfly: Main
黒蝶-終章,Black Butterfly: Finale
白狼-本章,White Wolf: Main
白狼-終章,White Wolf: Finale
デフォルト,Default
アイコン「氷室ユキ」,Icon: Himuro Yuki
アイコン「徳永利蔵」,Icon: Tokunaga Rizo
アイコン「ソフィア」,Icon: Sophia
アイコン「八雲龍菜」,Icon: Yakumo Takina
春風と共に微笑む、桜色の少女。宿舎で設定することでアイコンを変更できる。,A cherry-colored girl smiling with the spring breeze. Set it in Lodging to change your icon.
凛とした眼差しに、氷の静寂を宿す。宿舎で設定することでアイコンを変更できる。,A dignified gaze holding the silence of ice. Set it in Lodging to change your icon.
穏やかな表情の奥に、揺るがぬ風格が息づく。宿舎で設定することでアイコンを変更できる。,A steady dignity lives behind his gentle expression. Set it in Lodging to change your icon.
妖艶な笑みに、棘を秘める。宿舎で設定することでアイコンを変更できる。,A bewitching smile hiding thorns. Set it in Lodging to change your icon.
黒いレースと蝶を纏う少女。宿舎で設定することでアイコンを変更できる。,A girl adorned with black lace and butterflies. Set it in Lodging to change your icon.
青空を映したような澄んだ眼差し。宿舎で設定することでアイコンを変更できる。,Clear eyes like a reflection of the blue sky. Set it in Lodging to change your icon.
静かなる祈りを。宿舎で設定することでアイコンを変更できる。,A quiet prayer. Set it in Lodging to change your icon.
秋の山を彩る錦をその身に纏う。宿舎で設定することでアイコンを変更できる。,Clad in brocade colors of autumn mountains. Set it in Lodging to change your icon.
闇夜に浮かぶ月のような佇まい。宿舎で設定することでアイコンを変更できる。,A presence like the moon floating in the dark night. Set it in Lodging to change your icon.
白狼の眼差しに、雪原の冷気が宿る。宿舎で設定することでアイコンを変更できる。,The chill of a snowfield dwells in the white wolf's gaze. Set it in Lodging to change your icon.
金の輝きを纏う、堂々たる棋士。宿舎で設定することでアイコンを変更できる。,A dignified player wrapped in golden radiance. Set it in Lodging to change your icon.
眼鏡の奥に秘めたる叡智。宿舎で設定することでアイコンを変更できる。,Wisdom hidden behind his glasses. Set it in Lodging to change your icon.
装いを変える前の、まっさらな縁取り。宿舎で設定することでアイコンフレームを変更できる。,A clean border before any decoration. Set it in Lodging to change your icon frame.
使い慣れた木目の盤面。宿舎で設定することで将棋盤を変更できる。,A familiar woodgrain board. Set it in Lodging to change your board.
満開の桜が描かれた盤面。宿舎で設定することで将棋盤を変更できる。,A board painted with cherry blossoms in full bloom. Set it in Lodging to change your board.
霜の結晶が広がる盤面。宿舎で設定することで将棋盤を変更できる。,A board covered in frost crystals. Set it in Lodging to change your board.
使い込まれた古木の盤面。宿舎で設定することで将棋盤を変更できる。,A board of well-worn old wood. Set it in Lodging to change your board.
紫の靄が漂うような盤面。宿舎で設定することで将棋盤を変更できる。,A board drifting with purple haze. Set it in Lodging to change your board.
秋の山道が広がる盤面。宿舎で設定することで将棋盤を変更できる。,A board showing an autumn mountain path. Set it in Lodging to change your board.
眩い金の光が走る盤面。宿舎で設定することで将棋盤を変更できる。,A board streaked with dazzling golden light. Set it in Lodging to change your board.
知性を感じるグレーの盤面。宿舎で設定することで将棋盤を変更できる。,An intelligent-looking gray board. Set it in Lodging to change your board.
一面の雪景色が広がる盤面。宿舎で設定することで将棋盤を変更できる。,A board spread with a snowy landscape. Set it in Lodging to change your board.
柔らかな光に包まれた盤面。宿舎で設定することで将棋盤を変更できる。,A board wrapped in gentle light. Set it in Lodging to change your board.
月明かりだけが照らす盤面。宿舎で設定することで将棋盤を変更できる。,A board lit only by moonlight. Set it in Lodging to change your board.
心地の良い風を感じる盤面。宿舎で設定することで将棋盤を変更できる。,A board that carries a pleasant breeze. Set it in Lodging to change your board.
ゴシックレースと蝶が舞う盤面。宿舎で設定することで将棋盤を変更できる。,A board where gothic lace and butterflies dance. Set it in Lodging to change your board.
盤上の物語に花を添える定番の調べ。宿舎で設定することでBGMを変更できる。,A classic melody that colors the story on the board. Set it in Lodging to change your BGM.
翼を広げる前の静かなひととき。宿舎で設定することでBGMを変更できる。,A quiet moment before spreading your wings. Set it in Lodging to change your BGM.
翼に確かな鼓動が宿り始める。宿舎で設定することでBGMを変更できる。,A steady pulse begins to fill your wings. Set it in Lodging to change your BGM.
解き放たれ、大空を駆けていく。宿舎で設定することでBGMを変更できる。,"Released, racing across the open sky. Set it in Lodging to change your BGM."
雪原に研ぎ澄まされる、孤高の闘志。宿舎で設定することでBGMを変更できる。,A solitary fighting spirit sharpened on the snowfield. Set it in Lodging to change your BGM.
月夜を駆け抜ける、白銀の咆哮。宿舎で設定することでBGMを変更できる。,A silver howl racing through the moonlit night. Set it in Lodging to change your BGM.
漆黒の羽が音もなく広がる。宿舎で設定することでBGMを変更できる。,Jet-black wings spread without a sound. Set it in Lodging to change your BGM.
夜空を妖しく舞う、黒き蝶の華。宿舎で設定することでBGMを変更できる。,A black butterfly's flower dances eerily in the night sky. Set it in Lodging to change your BGM.
何の変哲もない木の駒。宿舎で設定することで駒を変更できる。,Plain wooden pieces. Set them in Lodging to change your pieces.
薄紅の桜が一面に咲き誇る駒。宿舎で設定することで駒を変更できる。,Pieces covered in pale pink cherry blossoms. Set them in Lodging to change your pieces.
透き通る氷のような青白い駒。宿舎で設定することで駒を変更できる。,Pale blue pieces like clear ice. Set them in Lodging to change your pieces.
年輪を重ねた古木に紋が浮かぶ駒。宿舎で設定することで駒を変更できる。,Pieces with patterns rising from aged wood grain. Set them in Lodging to change your pieces.
妖しい紫の光を湛えた駒。宿舎で設定することで駒を変更できる。,Pieces filled with mysterious violet light. Set them in Lodging to change your pieces.
秋の山が纏う錦をそのまま閉じ込めた駒。宿舎で設定することで駒を変更できる。,Pieces holding the brocade colors of autumn mountains. Set them in Lodging to change your pieces.
金の煌めきが贅沢に施された駒。宿舎で設定することで駒を変更できる。,Pieces lavishly decorated with golden sparkle. Set them in Lodging to change your pieces.
眼鏡とネクタイの意匠が刻まれた駒。宿舎で設定することで駒を変更できる。,Pieces engraved with glasses and necktie motifs. Set them in Lodging to change your pieces.
白狼の紋様が刻まれた駒。宿舎で設定することで駒を変更できる。,Pieces engraved with a white wolf emblem. Set them in Lodging to change your pieces.
清らかな祈りの光を宿した駒。宿舎で設定することで駒を変更できる。,Pieces holding the light of a pure prayer. Set them in Lodging to change your pieces.
闇夜に浮かぶ月の光を纏った駒。宿舎で設定することで駒を変更できる。,Pieces wrapped in moonlight floating in the dark night. Set them in Lodging to change your pieces.
清々しい風を纏った駒。宿舎で設定することで駒を変更できる。,Pieces wrapped in a refreshing breeze. Set them in Lodging to change your pieces.
黒いレースと蝶の意匠で飾られた駒。宿舎で設定することで駒を変更できる。,Pieces decorated with black lace and butterfly designs. Set them in Lodging to change your pieces.
"自分の対局を将棋AIが詳しく分析してくれる、30日間有効のパスです。
「あの一手は本当に最善だった？」を、棋譜から振り返ることができます。

【価格】
・650円（税込）

【獲得奉納ポイント】
・37pt

【有効期間】
・購入日から30日間

【解放される機能】
・評価値グラフ：一手ごとの形勢を折れ線グラフで可視化
・推奨手順：AIが選ぶ最善手と、その後の進行を表示
・指し手評価：自分の指した手の良し悪しをマーク表示（好手・悪手・疑問手 等）

【追加購入について】
・有効期間中でも追加購入が可能です
・1回の購入で有効期間が30日加算されます
・追加購入は最大1年分まで可能です

※棋譜再生・手順リスト・KIFコピー・盤面画像共有は、パスがなくても利用できます。
※棋譜再生画面の「解析を利用する」ボタンからも購入できます。","A 30-day pass that lets shogi AI analyze your games in detail.
Review your game record and ask, ""Was that move really best?""

[Price]
650 yen (tax included)

[Prayer Points Earned]
37 pt

[Valid Period]
30 days from purchase

[Unlocked Features]
Evaluation Graph: visualizes the position after each move as a line graph
Recommended Lines: shows the AI's best move and the continuation
Move Evaluation: marks the quality of your moves, such as good moves, bad moves, and questionable moves

[Additional Purchases]
You can purchase again while the pass is active
Each purchase adds 30 days
You can extend up to one year

Game record replay, move list, KIF copy, and board-image sharing are available without this pass.
You can also purchase it from the ""Use Analysis"" button on the game record replay screen."
"30日間、棋晶石をお得に獲得できる買い切り型のパスです。

【価格】
・650円（税込）

【獲得奉納ポイント】
・37pt

【有効期間】
・購入日から30日間

【セット内容】
・購入時にすぐ獲得：有償棋晶石 325個
・毎日のログイン時：無償棋晶石 60個（30日間で合計1,800個）
・満額受取時の合計：棋晶石 2,125個

【追加購入について】
・有効期間中でも追加購入が可能です
・1回の購入で有効期間が30日加算されます
・追加購入は最大1年分まで可能です
・追加購入時もすぐに有償棋晶石325個を獲得します

※受け取り忘れた日の分は消滅します。
※棋晶石...縁結びを引いたり特定のアイテムを交換するなどに必要なゲーム内通貨です。","A one-time-purchase pass that gives you a better deal on Kisho Crystals for 30 days.

[Price]
650 yen (tax included)

[Prayer Points Earned]
37 pt

[Valid Period]
30 days from purchase

[Contents]
Immediately on purchase: 325 paid Kisho Crystals
Daily login: 60 free Kisho Crystals (1,800 total over 30 days)
Total if fully collected: 2,125 Kisho Crystals

[Additional Purchases]
You can purchase again while the pass is active
Each purchase adds 30 days
You can extend up to one year
Each additional purchase also immediately grants 325 paid Kisho Crystals

Unclaimed daily rewards are lost.
Kisho Crystals are in-game currency used for Bond Draws and certain item exchanges."
金矢倉,Gold Yagura
銀矢倉,Silver Yagura
片矢倉,Half Yagura
菊水矢倉,Kikusui Yagura
菱矢倉,Hishi Yagura
土居矢倉,Doi Yagura
総矢倉,Full Yagura
銀立ち矢倉,Standing Silver Yagura
矢倉穴熊,Yagura Anaguma
カブト囲い,Helmet Castle
右矢倉,Right Yagura
雁木囲い,Gangi Castle
居飛車穴熊,Static Rook Anaguma
居飛穴音無しの構え,Silent Static Rook Anaguma
松尾流穴熊,Matsuo Anaguma
銀冠穴熊,Silver Crown Anaguma
左美濃,Left Mino
天守閣美濃,Castle Tower Mino
カニ囲い,Crab Castle
早囲い,Quick Castle
中住まい,Central House
中原囲い,Nakahara Castle
elmo囲い,elmo Castle
美濃囲い,Mino Castle
片美濃囲い,Half Mino
高美濃囲い,High Mino
木村美濃,Kimura Mino
金美濃,Gold Mino
銀美濃,Silver Mino
ダイヤモンド美濃,Diamond Mino
ちょんまげ美濃,Topknot Mino
大山美濃,Oyama Mino
ずれ美濃,Offset Mino
坊主美濃,Monk Mino
升田美濃,Masuda Mino
プラチナ美濃,Platinum Mino
四枚美濃,Four-Piece Mino
美濃熊囲い,Mino Anaguma
振り飛車穴熊,Ranging Rook Anaguma
銀冠,Silver Crown
端玉銀冠,Edge King Silver Crown
金冠,Gold Crown
金盾囲い,Gold Shield Castle
金無双,Gold Peerless
アヒル囲い,Duck Castle
ALSOK囲い,ALSOK Castle
いちご囲い,Strawberry Castle
大隅囲い,Osumi Castle
空中楼閣,Castle in the Air
串カツ囲い,Kushikatsu Castle
裾固め,Hem Fortification
箱入り娘,Boxed-In Daughter
舟囲い,Boat Castle
ビッグ４,Big Four
ビッグ4,Big Four
ボナンザ囲い,Bonanza Castle
ミレニアム囲い,Millennium Castle
ミレニアム,Millennium
無敵囲い,Invincible Castle
早囲い(矢倉),Quick Yagura
金矢倉(矢倉囲い),Gold Yagura
串カツ囲い(2),Kushikatsu Castle
ミレニアム囲い(2),Millennium Castle
左美濃(2),Left Mino
左美濃(3)　※紐づけ戦法消す,Left Mino
銀冠(振り飛車),Silver Crown (Ranging Rook)
銀冠(居飛車),Silver Crown (Static Rook)
銀冠穴熊(振り飛車),Silver Crown Anaguma (Ranging Rook)
ビッグ4(振り飛車),Big Four (Ranging Rook)
美濃囲い(2),Mino Castle
木村美濃(2),Kimura Mino
金盾囲い　（※削除推奨）,Gold Shield Castle
居飛穴音無しの構え　（※削除推奨）,Silent Static Rook Anaguma
相掛かり,Double Wing Attack
相掛かり棒銀,Double Wing Climbing Silver
飯島流相掛かり引き角,Iijima Double Wing Retreating Bishop
中原流相掛かり,Nakahara Double Wing Attack
ひねり飛車,Twisting Rook
塚田スペシャル,Tsukada Special
UFO銀,UFO Silver
横歩取り,Side Pawn Picker
相横歩取り,Double Side Pawn Picker
青野流,Aono Style
８五飛車,８五 Rook
8五飛車,8五 Rook
４五角戦法,４五 Bishop Strategy
4五角戦法,4五 Bishop Strategy
勇気流,Yuki Style
竹部スペシャル,Takebe Special
２三歩戦法,２三 Pawn Strategy
2三歩戦法,2三 Pawn Strategy
３三角型空中戦法,３三 Bishop Aerial Strategy
3三角型空中戦法,3三 Bishop Aerial Strategy
３三桂戦法,３三 Knight Strategy
3三桂戦法,3三 Knight Strategy
角換わり,Bishop Exchange
角換わり腰掛け銀,Bishop Exchange Reclining Silver
角換わり棒銀,Bishop Exchange Climbing Silver
角換わり右玉,Bishop Exchange Right King
一手損角換わり,Tempo-Loss Bishop Exchange
木村定跡,Kimura Joseki
阿久津流急戦矢倉,Akutsu Rapid Yagura
中原流急戦矢倉,Nakahara Rapid Yagura
米長流急戦矢倉,Yonenaga Rapid Yagura
矢倉棒銀,Yagura Climbing Silver
脇システム,Waki System
森下システム,Morishita System
３七銀戦法,３七 Silver Strategy
3七銀戦法,3七 Silver Strategy
四手角,Four-Move Bishop
ウソ矢倉,Fake Yagura
左美濃急戦,Left Mino Rapid Attack
居角左美濃急戦,Unmoved Bishop Left Mino Rapid Attack
忍者銀,Ninja Silver
新型雁木,Modern Gangi
ツノ銀雁木,Horned Silver Gangi
対振り飛車持久戦,Slow Game vs Ranging Rook
飯島流引き角戦法,Iijima Retreating Bishop Strategy
引き角,Retreating Bishop
鷺宮定跡,Saginomiya Joseki
４六銀左急戦,４六 Left Silver Rapid Attack
4六銀左急戦,4六 Left Silver Rapid Attack
４六銀右急戦,４六 Right Silver Rapid Attack
4六銀右急戦,4六 Right Silver Rapid Attack
４五歩早仕掛け,４五 Pawn Quick Attack
4五歩早仕掛け,4五 Pawn Quick Attack
山田定跡,Yamada Joseki
エルモ急戦,elmo Rapid Attack
へなちょこ急戦,Henachoko Rapid Attack
玉頭位取り,King-Head Vanguard Pawn
５筋位取り,５th File Vanguard Pawn
5筋位取り,5th File Vanguard Pawn
6筋位取り,6th File Vanguard Pawn
５七金戦法,５七 Gold Strategy
5七金戦法,5七 Gold Strategy
超急戦,Ultra-Rapid Attack
超速,Super Speed
丸山ワクチン,Maruyama Vaccine
棒金,Climbing Gold
棒銀,Climbing Silver
原始棒銀,Primitive Climbing Silver
早繰り銀,Rapid Advancing Silver
右四間飛車,Right Fourth File Rook
右四間飛車急戦,Right Fourth File Rook Rapid Attack
右四間飛車左美濃,Right Fourth File Rook Left Mino
袖飛車,Sleeve Rook
羽生式袖飛車,Habu-Style Sleeve Rook
加藤流袖飛車,Kato-Style Sleeve Rook
中原飛車,Nakahara Rook
地下鉄飛車,Underground Rook
相掛かり腰掛け銀,Double Wing Reclining Silver
腰掛け銀,Reclining Silver
腰掛け金,Reclining Gold
雀刺し,Spearing the Sparrow
鳥刺し,Bird Spearing
鎖鎌銀,Kusarigama Silver
ポンポン桂,Popping Knights
新米長玉,New Yonenaga King
四間飛車,Fourth File Rook
角道オープン四間飛車,Open Bishop Path Fourth File Rook
藤井システム,Fujii System
はく式四間飛車,Haku-Style Fourth File Rook
魔界四間飛車,Demon World Fourth File Rook
耀龍四間飛車,Yoryu Fourth File Rook
立石流,Tateishi Style
錆刀戦法,Rusty Sword Strategy
レグスペ,Leg Special
三間飛車,Third File Rook
石田流,Ishida Style
石田流本組み,Ishida Main Formation
新石田流,New Ishida Style
早石田,Quick Ishida
升田式石田流,Masuda-Style Ishida
楠本式石田流,Kusumoto-Style Ishida
ムリヤリ早石田,Forced Quick Ishida
４→３戦法,４ to ３ Strategy
4→3戦法,4 to 3 Strategy
菅井流三間飛車,Sugai-Style Third File Rook
菅井流ゴキゲン三間飛車,Sugai Cheerful Third File Rook
トマホーク,Tomahawk
中田功ＸＰ,Isao Nakata XP
中田功XP,Isao Nakata XP
７八飛戦法,７八 Rook Strategy
7八飛戦法,7八 Rook Strategy
カナケンシステム,Kanaken System
かなけんシステム,Kanaken System
３ニ飛戦法,３ニ Rook Strategy
3二飛戦法,3二 Rook Strategy
つくつくぼうし戦法,Tsukutsukuboshi Strategy
真部流,Manabe Style
中飛車,Central Rook
ゴキゲン中飛車,Cheerful Central Rook
先手中飛車,Sente Central Rook
原始中飛車,Primitive Central Rook
ツノ銀中飛車,Horned Silver Central Rook
英ちゃん流中飛車,Ei-chan Central Rook
中飛車左穴熊,Central Rook Left Anaguma
遠山流,Toyama Style
矢倉中飛車,Yagura Central Rook
平目,Flounder
向飛車,Opposing Rook
ダイレクト向かい飛車,Direct Opposing Rook
鬼殺し向かい飛車,Demon Killer Opposing Rook
メリケン向かい飛車,American Opposing Rook
天彦流向かい飛車,Amahiko-Style Opposing Rook
菜々河流向かい飛車,Nanakawa-Style Opposing Rook
阪田流向飛車,Sakata-Style Opposing Rook
天彦流▲6六角,Amahiko-Style ▲6六 Bishop
菜々河流△4四角,Nanakawa-Style △4四 Bishop
相振り飛車,Double Ranging Rook
角交換振り飛車,Bishop Exchange Ranging Rook
陽動振り飛車,Feint Ranging Rook
振り飛車ミレニアム,Ranging Rook Millennium
一間飛車,First File Rook
一間飛車穴熊,First File Rook Anaguma
九間飛車,Ninth File Rook
Uターン飛車,U-Turn Rook
７二飛亜急戦,７二 Rook Semi-Rapid Attack
7二飛亜急戦,7二 Rook Semi-Rapid Attack
玉頭銀,King-Head Silver
右玉,Right King
糸谷流右玉,Itodani-Style Right King
こいなぎ流右玉,Koinagi-Style Right King
セカステ右玉,Second Stage Right King
高田流左玉,Takada-Style Left King
嬉野流,Ureshino Style
新嬉野流,New Ureshino Style
鬼殺し,Demon Killer
新鬼殺し,New Demon Killer
かまいたち戦法,Kamaitachi Strategy
筋違い角,Wrong-Diagonal Bishop
相筋違い角,Double Wrong-Diagonal Bishop
筋違い角阪田流,Sakata Wrong-Diagonal Bishop
稲庭戦法,Inaniwa Strategy
阪田流2手目△9四歩,Sakata-Style Move 2 △9四 Pawn
角頭歩戦法,Bishop-Head Pawn Strategy
5手爆弾,5-Move Bomb
目くらまし戦法,Blinding Strategy
暴銀,Rampaging Silver
風車,Windmill
きmきm金,Kim Kim Gold
カニカニ金,Crab-Crab Gold
カニカニ銀,Crab-Crab Silver
ゴリゴリ金,Grinding Gold
間宮久夢流,Mamiya Kyumu Style
金沢流,Kanazawa Style
都成流,Tonari Style
やばボーズ流,Yaba-Bozu Style
xaby角,xaby Bishop
GAVA角,GAVA Bishop
パックマン戦法,Pac-Man Strategy
カメレオン戦法,Chameleon Strategy
カリスマウィルス,Charisma Virus
ショーダンシステム,Shodan System
ハチワンシステム,81 System
メイドシステム,Maid System
村田システム,Murata System
ドラゴンスペシャル,Dragon Special
アユムスペシャル,Ayumu Special
工藤流陽動振り飛車,Kudo-Style Feint Ranging Rook
陽動振り飛車(向かい),Feint Ranging Rook (Opposing)
陽動振り飛車(三間)　※削除推奨,Feint Ranging Rook (Third File)
相振り飛車(中飛車),Double Ranging Rook (Central Rook)
ゴキゲン中飛車　※発動条件要検討,Cheerful Central Rook
米長流急戦矢倉(1),Yonenaga Rapid Yagura (1)
米長流急戦矢倉(2) ,Yonenaga Rapid Yagura (2)
相掛かり(旧),Double Wing Attack (Old)
相掛かり(2六飛),Double Wing Attack (2六 Rook)
相掛かり(2八飛),Double Wing Attack (2八 Rook)
相掛かり(新),Double Wing Attack (New)
(相掛かり)鎖鎌銀,Double Wing Kusarigama Silver
(相掛かり)腰掛け銀,Double Wing Reclining Silver
(横歩取り)8五飛車戦法,Side Pawn Picker 8五 Rook
中飛車 内部,Central Rook
中飛車左穴熊(1),Central Rook Left Anaguma (1)
5七金戦法(1),5七 Gold Strategy (1)
5七金戦法(2),5七 Gold Strategy (2)
藤井システム（対穴熊）,Fujii System vs Anaguma
立石流（※要検討）,Tateishi Style
ダイレクト向かい飛車　※優先判定要検討,Direct Opposing Rook
(居飛車党),Static Rook Player
(居飛車 宣言),Static Rook Declaration
陽動振り飛車(四間),Feint Ranging Rook (Fourth File)
陽動振り飛車(三間),Feint Ranging Rook (Third File)
相振り飛車(向かい飛車),Double Ranging Rook (Opposing Rook)
相振り飛車(三間飛車),Double Ranging Rook (Third File)
相振り飛車(四間飛車),Double Ranging Rook (Fourth File)
羽生式袖飛車　※初期段階では不要,Habu-Style Sleeve Rook
右四間飛車急戦　※発動条件要検討,Right Fourth File Rook Rapid Attack
都成流2,Tonari Style 2
左美濃急戦　※削除推奨,Left Mino Rapid Attack
左美濃急戦2　※削除推奨,Left Mino Rapid Attack 2
4六銀左急戦(1),4六 Left Silver Rapid Attack (1)
右銀急戦,Right Silver Rapid Attack
稲庭戦法2,Inaniwa Strategy 2
九間飛車2,Ninth File Rook 2
玉頭銀(前提),King-Head Silver (Prerequisite)
ひねり飛車(2),Twisting Rook (2)
対振り飛車持久戦(2),Slow Game vs Ranging Rook (2)
風車2　※削除推奨,Windmill 2
間宮久夢流（※削除推奨）,Mamiya Kyumu Style
新型雁木（※削除推奨）,Modern Gangi
ゴリゴリ金（※削除推奨）,Grinding Gold
Uターン飛車　※削除推奨,U-Turn Rook
中飛車左穴熊(2)　（※削除推奨）,Central Rook Left Anaguma (2)
4六銀左急戦(2),4六 Left Silver Rapid Attack (2)
目くらまし戦法　※削除推奨,Blinding Strategy
新嬉野流　※削除推奨,New Ureshino Style
はく式四間飛車　※削除推奨,Haku-Style Fourth File Rook
暴銀　※削除推奨,Rampaging Silver
金沢流(先手),Kanazawa Style (Sente)
金沢流(後手),Kanazawa Style (Gote)
GAVA角　※削除推奨,GAVA Bishop
ハチワンシステム（※削除推奨）,81 System
セカステ右玉　（※要検討）,Second Stage Right King
相筋違い角(2),Double Wrong-Diagonal Bishop (2)
相筋違い角(3),Double Wrong-Diagonal Bishop (3)
玉頭銀(2),King-Head Silver (2)
イデオンソード,Ideon Sword
ツノ銀型右玉,Horned Silver Right King
端棒銀,Edge Climbing Silver
力戦,Unorthodox Fight
居飛車,Static Rook
後手,Gote
振り飛車,Ranging Rook
アヒル戦法,Duck Strategy
9七桂,9七 Knight
相居飛車,Double Static Rook
金銀桂歩が左右対称に広がる姿が、羽を広げたアヒルに似ていることからこの名がつきました。低い陣形で飛車や角の打ち込む隙がなく、さばきを狙う独特の戦法で根強い人気がありますね。,"It is named for the way golds, silvers, knights, and pawns spread symmetrically like a duck opening its wings. The low formation gives the rook and bishop few places to drop and aims for smooth piece handling, making it a distinctive strategy with lasting popularity."
馬を囲いの一部として組み込んだ独特の形で、警備会社に因んだユニークな名前です。馬の利きが広範囲を守るため、通常の金銀だけの囲いとは異なる特性を持ちます。名前は現代的ですが、実戦で生まれた知恵が詰まった囲いです。,"This unusual castle incorporates a promoted bishop as part of the defense, and has a unique name inspired by a security company. The horse controls a wide area, giving it traits unlike castles made only from golds and silvers. It has a modern name, but it is full of practical wisdom born over the board."
玉がほぼ初期位置から動かず、周囲の金銀も初期配置に近い素朴な囲いです。......いちごが食べたくなってきました。,A simple castle where the king barely moves from its starting square and the surrounding golds and silvers stay close to their initial positions. ...Now I want strawberries.
居飛車穴熊の究極形とも言える、全ての駒を最大限に活用した陣形です。飛車・角・金銀すべてが理想的な位置に配置され、まさに「音無し」......静かなる完成形です。ここまで組み上げられれば、それはもう芸術と言えるでしょう。,"This formation could be called the ultimate Static Rook Anaguma, using every piece to its fullest. Rook, bishop, golds, and silvers all occupy ideal squares. It is truly silent, a quiet completed form. If you can build it this far, it is already art."
玉を端の最深部に配置する、対振り飛車の代表的な囲いです。圧倒的な堅さを誇り、多少の駒損でも囲いの力で押し切れることがあります。堅さへの絶対的な信頼......それが穴熊の強さの源です。,"A representative anti-Ranging Rook castle that places the king deep in the corner. Its hardness is overwhelming, and even some material loss can be overcome through the strength of the castle. Absolute trust in solidity is the source of Anaguma's power."
コンピュータ将棋ソフト「elmo」が対振り飛車で多用したことからこの名がつきました。少ない手数で組める上に、陣形バランスが非常に優秀です。現代将棋に大きな影響を与えた囲いのひとつですね。,"This castle was named after the computer shogi engine elmo, which used it often against Ranging Rook. It can be built in few moves and has excellent formation balance. It is one of the castles that strongly influenced modern shogi."
美濃囲いの変形で、やや独特な金銀の配置が特徴です。実戦で自然に現れることのある、素朴な形の囲いですね。,A Mino Castle variation with a somewhat unusual gold and silver placement. It is a modest shape that can appear naturally in practical games.
大山康晴十五世名人が好まれた美濃囲いの形で、独特の駒配置が特徴です。大山先生は銀冠を嫌い、受けの力を重視した低い構えを好まれました。......偉大な先人の知恵が詰まった囲いです。,"This is a Mino Castle shape favored by 15th Lifetime Meijin Yasuharu Oyama, with distinctive piece placement. Oyama disliked Silver Crown and preferred a low structure emphasizing defensive skill. It is a castle packed with the wisdom of a great predecessor."
美濃囲いの最も簡素な形で、金と銀と玉の三枚だけで構成されます。手数がほとんどかからないため、急戦志向の振り飛車で重宝します。ここから美濃囲い、高美濃へと発展させるのが基本ですね。,"The simplest form of Mino Castle, made from only three pieces: king, gold, and silver. It takes almost no moves to build, so it is useful for quick-attacking Ranging Rook. From here, developing into Mino and High Mino is the basic idea."
天野矢倉とも呼ばれる、金矢倉から玉の位置を一路ずらした形です。金矢倉より一手早く完成し、角打ちにも強いという利点があります。実戦では非常に有力で、私もよく採用する囲いのひとつです。,"Also called Amano Yagura, this shape shifts the king one file from Gold Yagura. It finishes one move faster than Gold Yagura and is resistant to bishop drops. It is very practical in real games and one of the castles I often use."
金二枚が横に並ぶ、矢倉の最も基本的な形です。カニのはさみのように見えることが名前の由来ですね。ここから金矢倉へと発展させていくのが基本の考え方になります。,"The most basic Yagura shape, with two golds lined up horizontally. Its name comes from how it resembles crab claws. The basic plan is to develop from here into Gold Yagura."
金銀が玉の上に兜のように被さる形の矢倉系囲いです。角換わりの将棋で自然に現れることがある実戦的な形で、上部からの攻めに対して堅い構えになります。,"A Yagura-style castle where golds and silvers cover the king like a helmet. It can appear naturally in Bishop Exchange games, and forms a practical structure that is solid against attacks from above."
銀二枚を横に並べて上部を守る、角道を開けたまま組める囲いです。一時はあまり指されなくなっていましたが、AI将棋の影響で劇的に再評価されました。時代と共に囲いの価値も変わる......将棋の奥深さを感じます。,"A castle that lines up two silvers horizontally to defend the upper area while keeping the bishop diagonal open. It fell out of favor for a while, but AI shogi caused a dramatic reevaluation. The value of castles changes with the times, showing shogi's depth."
大阪の偉人・楠木正成の家紋「菊水」にちなんで名付けられました。玉と銀の位置が通常の矢倉と異なる独特の配置です。歴史ある名前に恥じない、趣深い囲いですね。,"Named after the Kikusui crest of Osaka hero Masashige Kusunoki. The king and silver sit differently from standard Yagura, creating a unique placement. It is a tasteful castle worthy of its historic name."
初代実力制名人の木村義雄先生が好まれた形で、銀を中段の高い位置に配置します。攻めにも守りにも転用できる柔軟な銀の位置が特徴です。バランスを重視した、まさに名人の囲いと言えるでしょう。,"A shape favored by first Real-Strength Meijin Yoshio Kimura, placing the silver high in the middle ranks. The flexible silver can be used for both attack and defense. It is a balanced castle worthy of a Meijin."
銀冠の銀の代わりに金が王冠の位置に来る形です。金の守備力により上部が非常に堅くなりますが、金を上部に使う分、他の場所の守りが薄くなることもあります。,"A shape where gold takes the crown square instead of the Silver Crown silver. The gold's defensive power makes the upper area very solid, but using gold up high can thin the defense elsewhere."
金を盾のように前面に配置した囲いです。金の守備力を活かして正面からの攻めを受け止める、名前の通り力強い構えですね。,"A castle that places a gold in front like a shield. It uses the gold's defensive power to receive frontal attacks, making it a strong formation exactly as the name suggests."
美濃囲いの変形で、上部の守りを銀ではなく金が担う形です。金は銀より守備力が高いため玉頭方面の攻めに堅いですが、その分横の守りが手薄になることがあります。,"A Mino Castle variation where a gold, rather than a silver, handles the upper defense. Gold is more defensive than silver and is strong against king-head attacks, but the side defense can become thinner."
二枚の金を横に並べる、相振り飛車の古典的な囲いです。右銀が「壁銀」となってしまうことには注意が必要です。「無双」の名は二枚金が並んだ姿に由来するとされていますよ。,A classical Double Ranging Rook castle that lines two golds horizontally. Be careful that the right silver can become a wall silver. The Muso name is said to come from the sight of two golds lined up together.
「矢倉は将棋の純文学」......この言葉の通り、居飛車で最も格式高い囲いです。一手ずつ積み重ねる、その過程にこそ矢倉の美しさがあるのです。,"Yagura is often called the pure literature of shogi. As those words suggest, it is the most formal Static Rook castle. Its beauty lies in the process of building it one move at a time."
高美濃囲いからさらに銀を上に上げた形で、銀が王冠のように見えることが名前の由来です。上部の守りが大幅に改善され、振り飛車の理想形のひとつとされていますよ。,"A shape that raises the silver even higher from High Mino Castle, with the silver resembling a crown. Its upper defense improves greatly, and it is considered one of the ideal Ranging Rook forms."
銀冠の堅さと穴熊の深さを併せ持つ囲いです。穴熊の弱点である端攻めに対しても銀冠の形が補強してくれます。組み上がりに手数がかかりますが、完成すれば非常に心強い陣形になります。,"A castle combining the solidity of Silver Crown with the depth of Anaguma. The Silver Crown shape also reinforces Anaguma's weakness to edge attacks. It takes many moves to complete, but once finished it is extremely reassuring."
左銀が一段高い位置に立つ矢倉の変形です。現代ではあまり見かけませんが、当時の棋士の工夫が感じられる囲いです。,"A Yagura variation where the left silver stands one rank higher. It is rarely seen today, but you can feel the ingenuity of players from its era."
美濃囲いを銀主体で構成した簡素な形です。手数を節約できるため、金を攻めに回して速攻を目指す振り飛車で選択されます。,"A simple Mino Castle built mainly with silvers. It saves moves, so it is chosen in Ranging Rook plans that send the gold into attack and aim for speed."
金矢倉から金を一枚攻めに回し、代わりに銀で守る形です。攻撃力を高めたい局面で自然に生まれることが多いですね。金矢倉ほどの堅さはありませんが、攻守のバランスを攻め寄りに調整した実戦的な囲いです。,"A shape that sends one gold from Gold Yagura into attack and uses a silver for defense instead. It often appears naturally when more attacking power is needed. It is not as solid as Gold Yagura, but it adjusts the attack-defense balance toward offense."
玉を中段に浮かせた独特の囲いで、対振り飛車で使われることがあります。文字通り「空中の城」......幻想的な名前ですが、しっかりとした理論に裏打ちされた囲いです。,"A unique castle with the king floating in the middle ranks, sometimes used against Ranging Rook. Literally an aerial castle, it has a fanciful name but is supported by sound theory."
穴熊に似た形ですが、玉と香車の位置が逆になっています。香が玉を串刺しにしているように見えることが名前の由来です。通常の穴熊より一手早く組めて角道を避けられますが、端攻めには弱くなります。,"A shape similar to Anaguma, but with the king and lance positions reversed. The name comes from how the lance appears to skewer the king. It can be built one move faster than regular Anaguma and avoids the bishop diagonal, but it is weaker to edge attacks."
木村美濃から金が一路ずれた形が裾固めです。金が二つ横に並び、囲いの土台を固めているのが名前の由来ですね。横からの攻めに粘り強い形です。,"Susogatame is Kimura Mino with the gold shifted one file. Its name comes from the two golds lined up horizontally, firming up the base of the castle. It is tenacious against side attacks."
美濃囲いの金銀が通常の位置から一路ずれた形です。中央に厚く、通常の美濃とは微妙に異なる特性を持ちます。一路のずれが、局面全体に影響を及ぼすこともある。将棋の繊細さを感じる囲いです。,"A Mino Castle where the golds and silvers are shifted one file from their normal positions. It is thick in the center and has subtly different traits from standard Mino. A one-file shift can affect the whole position, showing shogi's delicacy."
金銀四枚すべてを囲いに投入した、矢倉系で最も堅固な形です。上部の守りは鉄壁ですが、攻め駒が不足してしまうのが難点です。使いどころを見極める判断力が問われます。,"The firmest Yagura-type shape, committing all four golds and silvers to the castle. The upper defense is ironclad, but the drawback is a shortage of attacking pieces. Knowing when to use it demands good judgment."
美濃囲いから金を一段上に上げた発展形で、上部からの攻めに対する耐性が向上します。美濃囲いからの自然な発展として、局面に応じて移行することが多い形ですね。,"An advanced form of Mino Castle that raises the gold one rank, improving resistance to attacks from above. It often appears as a natural development from Mino depending on the position."
美濃囲いに銀を一枚加えた四枚囲いで、金銀の配置がダイヤモンド型になることが名前の由来です。上部と横の両方に厚みがあり非常に堅いですが、攻め駒が薄くなるのは避けられませんね。,"A four-piece Mino Castle that adds one silver, with the golds and silvers forming a diamond shape. It is very solid both above and from the side, but thinning the attack pieces is unavoidable."
美濃囲いの上に歩が飛び出した形で、その姿がちょんまげに似ていることからこの名がつきました。主に陽動振り飛車と共に用いられます。名前も可愛らしいですよね。,"A Mino Castle with a pawn sticking out above it, named because the shape resembles a topknot. It is mainly used with Feint Ranging Rook. The name is cute too."
左美濃から玉を一段上に上げた形です。玉が高い位置にいるため、玉頭が弱点になります。名前の通り、天守閣のように高く構える囲いですね。,"A shape that raises the king one rank from Left Mino. Since the king sits high, the king's head becomes a weakness. As the name suggests, it is a castle built high like a keep."
金矢倉と比べて金と銀の位置が入れ替わっており、角打ちに強いという特徴があります。現代ではあまり見かけませんが、歴史を感じる趣のある囲いですね。,"Compared with Gold Yagura, the gold and silver positions are swapped, making it strong against bishop drops. It is not seen much today, but it has a historic charm."
玉を中央付近にとどめたまま戦う、最も簡素な陣形です。手数をほとんど使わないため急戦に対応しやすくバランスが良いことが特徴です。相掛かりや横歩取りなどで見られる形ですね。,"The simplest formation, fighting with the king held near the center. It uses almost no moves, making it easy to meet quick attacks and maintain balance. It appears in Double Wing Attack and Side Pawn Picker positions."
中原誠先生が好まれた、玉を深く囲わずに中間的な位置に置く陣形です。左右どちらにも逃げられる柔軟性が特徴で、「自然流」と呼ばれた中原先生の棋風そのものと言える形です。,"A formation favored by Makoto Nakahara, placing the king in an intermediate position without castling deeply. Its flexibility lets the king escape to either side, and it embodies Nakahara's Natural Style."
舟囲いの発展形で、玉がちょうど箱の中に収まっているような形をしています。なかなか愛らしい名前ですよね。舟囲いより堅く、急戦策を支える実戦的な囲いです。,An advanced Boat Castle where the king looks as if it fits neatly inside a box. The name is rather charming. It is more solid than Boat Castle and practical for supporting quick attacks.
天守閣美濃から玉を端まで移動させた形で、米長邦雄先生が愛用されたことから「米長玉」とも呼ばれます。玉に王手がかかりにくい形のため、終盤の寄せ合いで力を発揮します。,"A form that moves the king from Keep Mino all the way to the edge, also called Yonenaga King after Kunio Yonenaga, who used it often. Since the king is hard to check, it is powerful in late-game races."
通常の矢倉よりも手数を省略して素早く組み上げる囲いです。速度を重視する一方で、途中の隙を突かれる危険もあります。急がば回れ......とも言いますが、研究次第では有力な選択肢になり得ますね。,"A castle that builds Yagura faster by omitting some moves. It values speed, but there is risk if the opponent strikes during construction. Haste makes waste, but with study it can be a strong option."
金矢倉に右銀を加え、金銀がひし形に配置された厚い矢倉です。中央方面の守りが非常に厚く、角筋にも強い形になります。攻め駒が薄くなりますが、その分の堅さは確かなものです。,"A thick Yagura that adds the right silver to Gold Yagura, placing golds and silvers in a diamond. The center defense is very thick and strong against bishop lines. Attacking pieces become thin, but the solidity is real."
居飛車側が美濃囲いの形を左側に組む囲いです。横からの攻めに強く、対振り飛車の持久戦で有力な選択肢となります。穴熊と比べて手数が少なく、攻めとのバランスも取りやすい実戦的な囲いです。,A castle where the Static Rook side builds a Mino shape on the left. It is strong against side attacks and useful in slow games against Ranging Rook. Compared with Anaguma it takes fewer moves and balances more easily with attack.
金銀四枚で固めた居飛車穴熊の最終形態です。端攻めにも強く、囲いとしての弱点がほとんどありません。ただし、守りに四枚を費やすため攻め駒が大幅に不足します。......完璧な守りの代償は大きいですね。,"The final form of Static Rook Anaguma, fortified with all four golds and silvers. It is strong even against edge attacks and has almost no castle weaknesses. However, using four pieces for defense leaves the attack badly short. Perfect defense has a high price."
対振り飛車の基本的な囲いで、玉と金銀が舟のような形に並びます。手数がかからず素早く組めるため、急戦を仕掛ける際の土台となる囲いです。シンプルですが、ここから様々な囲いへ発展できます。,"The basic anti-Ranging Rook castle, with the king, golds, and silvers lined up like a boat. It takes few moves and forms the base for quick attacks. It is simple, but can develop into many other castles."
振り飛車側が採用する穴熊囲いです。玉を端の最深部まで移動させ、金銀で何重にも守ります。居飛車穴熊に比べるとやや組みにくいとされますが、その堅さは折り紙つきです。,"An Anaguma castle used by the Ranging Rook side. The king moves deep into the corner and is protected by layers of golds and silvers. It is considered harder to build than Static Rook Anaguma, but its solidity is unquestioned."
高美濃囲いの発展形で、銀の位置が通常と異なる美しい配置の囲いです。名前に「プラチナ」がつくだけあって、洗練されたバランスの良さが特徴です。,"An advanced High Mino Castle with a beautiful silver placement different from the usual shape. With platinum in the name, its refined balance is the defining feature."
美濃囲いから玉の頭の歩がない形で、ひねり飛車や角交換型の将棋で自然に現れます。歩がない分、玉頭が薄くなるため注意が必要です。「坊主」という名前は歩がない状態を指していますね。,"A Mino Castle shape without the pawn above the king, appearing naturally in Twisting Rook and Bishop Exchange games. Since the pawn is missing, the king's head is thin and needs care. The Bozu name refers to the pawnless state."
コンピュータ将棋ソフト「Bonanza」が好んで採用したことからこの名がつきました。手数を節約して攻めに回すという合理的な思想が表れています。人間の常識を覆した、AIならではの囲いと言えるでしょう。,Named because the computer shogi engine Bonanza liked to use it. It reflects a rational idea: save moves and use them for attack. It is an AI-born castle that overturned human common sense.
升田幸三先生にちなんだ左美濃の変形で、対矢倉で使われる形です。五筋からの突破を防ぎつつ、角のラインにも配慮した配置になっています。「新手一生」を掲げた升田先生らしい、工夫の詰まった囲いですね。,"A Left Mino variation named after Kozo Masuda, used against Yagura. It prevents a breakthrough on the fifth file while accounting for the bishop line. It is packed with Masuda-like ingenuity, fitting his motto of a lifetime of new moves."
居飛車穴熊の基本形から右銀を囲いに引き付けることで、短い手数でさらに堅くする工夫が施されています。効率の良さが光る、洗練された穴熊ですね。,"A refined Anaguma that pulls the right silver into the basic Static Rook Anaguma shape, making it firmer in few moves. Its efficiency stands out."
通常の矢倉囲いを右側に配置した形です。相振り飛車で使われることがあり、上部からの攻めに非常に強い特徴があります。,A shape that places the normal Yagura Castle on the right side. It can be used in Double Ranging Rook and is very strong against attacks from above.
振り飛車の代表的な囲いで、金銀三枚で玉を守る美しい形です。横からの攻めに強く、組み上がりも比較的速い。攻守のバランスに優れた、振り飛車党にとっての基本中の基本と言えるでしょう。,"The representative Ranging Rook castle, a beautiful shape protecting the king with three golds and silvers. It is strong against side attacks and builds fairly quickly. With excellent attack-defense balance, it is the fundamental castle for Ranging Rook players."
美濃囲いと穴熊の要素を組み合わせた囲いです。美濃の形を保ちつつ玉を端に寄せることで、両方の長所を取り入れています。,"A castle combining elements of Mino and Anaguma. It keeps the Mino shape while shifting the king to the edge, taking strengths from both."
藤井システム対策として2000年頃に編み出された囲いで、西暦にちなんで「ミレニアム」と名付けられました。玉を角道から外した位置に配置し弱点を解消しています。時代が生んだ知恵の結晶ですね。,"A castle devised around 2000 as an answer to the Fujii System, named Millennium after the era. It places the king away from the bishop diagonal and removes a key weakness. It is a crystallization of wisdom born from its time."
飛車の両脇を銀二枚で固め、金二枚で下を支える対称的な形です。名前とは裏腹に実戦的な堅さには課題があり、攻めも守りも中途半端になりがちです。,"A symmetrical shape that fixes two silvers beside the rook and supports them with two golds below. Despite the name, it has practical issues with solidity, and both attack and defense can become half-hearted."
矢倉の堅さと穴熊の深さを兼ね備えた囲いです。玉を端の最深部まで移動させるため、非常に遠い位置から戦えます。ただし、端攻めには細心の注意が必要です。,"A castle combining Yagura's solidity with Anaguma's depth. Because the king moves deep into the corner, it can fight from very far away. Edge attacks require great care."
左美濃に右銀を加え、金銀四枚で守る堅固な囲いです。天守閣美濃の弱点だった玉頭を銀で補強しており、バランスに優れています。ただし、四枚を守りに使う分、攻め駒は薄くなります。,"A sturdy castle that adds the right silver to Left Mino and defends with all four golds and silvers. The silver reinforces Keep Mino's king-head weakness and gives good balance, though using four pieces for defense thins the attack."
お互いに飛車の前の歩を交換し合う、居飛車同士のぶつかり合い!序盤から激しい展開になることが多くて、一手一手の精度がすごく大事な戦型だよ。,"A Static Rook battle where both sides exchange the pawns in front of their rooks. The game often becomes sharp from the opening, so the accuracy of every move matters."
相掛かりから棒銀で攻める、攻撃力抜群の作戦!飛車と銀の協力で相手の陣地をこじ開けにいくよ。,An attack plan that uses Climbing Silver from Double Wing Attack. The rook and silver work together to pry open the opponent's camp.
お互いに筋違い角を打ち合う珍しい力戦形。定跡がほとんどないから、構想力と読みの勝負になるよ。,"A rare fighting shape where both sides drop Wrong Diagonal Bishops. There is almost no established theory, so it becomes a contest of plans and reading."
お互いに飛車を振る戦型で、振り飛車同士のぶつかり合い!居飛車対振り飛車とは全然違う戦いになるから、また違った楽しさがあるよ。,"A battle where both players use Ranging Rook. It feels completely different from Static Rook versus Ranging Rook, giving it another kind of enjoyment."
お互いに横の歩を取り合う超激しい戦法。序盤からいきなり大乱戦になるから、度胸と読みの深さが試されるよ!,"An extremely sharp strategy where both sides take the side pawns. The opening can explode into chaos immediately, testing courage and deep reading."
青野照市先生が体系化した横歩取りの超攻撃型戦法!飛車を引かないで桂馬をどんどん跳ねて攻めまくる。プロ間では詰みまで研究されるほどの破壊力なんだって。,"A highly aggressive Side Pawn Picker system organized by Teruichi Aono. Instead of pulling the rook back, it jumps the knights and attacks relentlessly. Its destructive power is so great that professional lines have been studied all the way to mate."
阿久津主税先生が考案した急戦策で、角を中央に据えて矢倉を睨みながら攻めていく。現代的なスピード感のある指し方だね。,"A quick-attack plan devised by Chikara Akutsu. It places the bishop in the center, pressures Yagura, and attacks with modern speed."
佐藤天彦先生が居飛車党から転身して連採した向かい飛車。序盤から独自の形に誘導するのが特徴で、佐藤先生の美意識が感じられる戦法だね。,An Opposing Rook adopted repeatedly by Amahiko Sato after moving away from Static Rook. It steers the opening into original shapes and shows Sato's sense of aesthetics.
佐藤天彦先生が3手目にいきなり角を上がる斬新な出だし。序盤から独自の世界に引き込むのが特徴で、トップ棋士にも勝っているよ。,"A fresh opening where Amahiko Sato raises the bishop on move three. It pulls the game into an original world from the start, and has even beaten top professionals."
将棋YouTuberの「アユム」さんが使ったことで知られるオリジナル戦法。動画で見たことある人も多いかも!,An original strategy known because shogi YouTuber Ayumu used it. Many people may have seen it in videos.
飯島栄治先生が対振り飛車用の引き角戦法を相掛かりに応用した戦法。角道を開けないで引き角で戦うっていう発想を相居飛車に持ち込んだんだ。,A strategy where Eiji Iijima adapted his anti-Ranging Rook Pullback Bishop system to Double Wing Attack. It brings the idea of fighting with a pulled-back bishop without opening the bishop diagonal into Static Rook versus Static Rook.
飯島栄治先生が考案した、角道を開けないまま角を引いて使う対振り飛車の戦法。振り飛車側の角の睨みを消せるのが優秀で、升田幸三賞を受賞したよ。,A strategy devised by Eiji Iijima that uses the bishop by pulling it back without opening the bishop diagonal. It is excellent at neutralizing the Ranging Rook side's bishop pressure and won the Masuda Award.
角をそのままの位置に残して左美濃に囲い、そこから急戦を仕掛ける現代的な作戦。角が自然に相手陣を睨んでいるのがポイントだよ。,"A modern plan that leaves the bishop on its original square, builds Left Mino, then launches a quick attack. The key is that the bishop naturally points into the opponent's camp."
江戸時代の盲目の棋士、石田検校が考えたって言われてる三間飛車の代名詞!飛車を浮かせて飛角桂の理想形を目指すんだ。,"The signature Third File Rook, said to have been created by the blind Edo-period player Ishida Kengyo. It floats the rook and aims for the ideal rook-bishop-knight formation."
角交換を避けて、飛車・角・桂をじっくり理想の配置に組み上げる石田流の完成形。全部揃ったら一気に攻めるんだ!,"The complete Ishida Style formation, avoiding bishop exchange while patiently placing rook, bishop, and knight ideally. Once everything is ready, it attacks all at once."
飛車を一番端の筋に持っていく、珍しい振り飛車。端から攻めつつ、状況に応じて飛車を別の筋に移動できる柔軟さが魅力だよ。,"A rare Ranging Rook that moves the rook to the far edge file. Its appeal is flexibility: attack from the edge, then move the rook to another file if the position demands."
わざと一手損して自分から角を交換する、ちょっと不思議な戦法。損しているように見えるんだけど、十分有力な戦法だよ!,"A slightly mysterious strategy that deliberately loses one move to exchange bishops yourself. It looks like a loss, but remains fully viable."
糸谷哲郎先生の右玉で、対振り飛車の将棋で玉を右に構える柔軟な作戦。糸谷先生らしい独創的な発想の戦法だよ。,"Tetsuro Itodani's Right King, a flexible anti-Ranging Rook plan that places the king on the right. It is an original idea typical of Itodani."
自陣の歩を一切突かずに全ての場所を守り駒で固める、超守備的なコンピュータ対策の戦法。打開するのがすっごく大変で、コンピュータが苦手とする手詰まりに持ち込むんだ。,"An ultra-defensive anti-computer strategy that does not push any pawns and covers every square with defending pieces. Breaking through is very hard, and it aims for a locked position that computers dislike."
振り飛車っぽい出だしから、実は矢倉に組んじゃう戦法。普通の矢倉と手順が違うから「ウソ」って名前がついたんだって。,"A strategy that starts like Ranging Rook but actually builds Yagura. It got the Uso, or fake, name because the move order differs from normal Yagura."
アマチュアの嬉野宏明さんが考えた、銀をいきなり上がる意表の出だしの戦法。プロの定跡を覚えなくても自分のペースで戦えるのが魅力だよ。,"A surprise opening devised by amateur Hiroaki Ureshino, raising the silver immediately. Its appeal is that you can fight at your own pace without memorizing professional theory."
山口英夫先生(愛称「英ちゃん」)が考えた、中央の歩をあえて突かない中飛車。「後回しにできる手は後回しにする」っていう、今の時代にも通じる考え方の先駆けだったんだって。,"A Central Rook by Hideo Yamaguchi, nicknamed Ei-chan, that deliberately does not push the central pawn. Its idea that moves which can wait should wait was ahead of its time."
コンピュータ将棋ソフト「elmo」が対振り飛車で多用したことから名前がついた急戦策。ソフト発祥の戦法で、elmo囲いが升田幸三賞を受賞したんだよ!シンプルな囲いなのにすごく堅くて、四間飛車にも三間飛車にも使えるのが革命的なんだ。,"A quick-attack plan named because the computer shogi engine elmo used it often against Ranging Rook. This software-born system helped elmo Castle win the Masuda Award. The simple castle is surprisingly solid, and its use against both Fourth File and Third File Rook was revolutionary."
桂馬をいきなりポンと高く跳ねて奇襲する戦法!「この戦法を使えば鬼も倒せる」っていう売り文句で大正時代に広まったんだって。縁台将棋で大流行した、みんな大好きな奇襲戦法!,A surprise strategy that jumps the knight high right away. It spread in the Taisho era with the slogan that it could defeat even demons. It became hugely popular in casual bench shogi.
島朗先生が考案した、角道を止めずに向かい飛車に振る戦法。鬼殺し系の中で唯一、相手が正しく指しても不利にならないって言われてるんだって。,"A strategy devised by Akira Shima that swings to Opposing Rook without closing the bishop diagonal. Among Demon Killer systems, it is said to be the only one that does not become worse even if the opponent responds correctly."
お互いに角を交換してから戦う居飛車の基本戦型!持ち駒の角をどこに打つかが勝負の分かれ目で、一手のミスが命取りになるスリリングな将棋になるよ。,"A basic Static Rook opening where both sides exchange bishops before fighting. Where to drop the bishop in hand often decides the game, making it thrilling because one mistake can be fatal."
角換わりから銀を真ん中あたりに構えて戦う、居飛車の王道戦法!銀の位置がちょうど「腰掛けている」みたいに見えるからこの名前なんだって。,"A classic Static Rook strategy from Bishop Exchange, placing the silver around the center. The silver looks as if it is sitting down, which is where the name Reclining Silver comes from."
角換わりから棒銀で一直線に攻めていくシンプルで力強い戦法!角交換で手に入れた角をどこに打つかがポイントだよ。,A simple and powerful strategy that attacks straight ahead with Climbing Silver from Bishop Exchange. The key is where to drop the bishop gained from the exchange.
角換わりの将棋で玉を右に構えて、相手の攻めを柔らかく受け流す戦法。カウンター狙いの大人な指し方だよ。,A Bishop Exchange strategy that places the king on the right and softly parries the opponent's attack. It is a mature counterattacking style.
角を交換してから飛車を振る戦法。持ち駒の角をどこに打つかの駆け引きが楽しくて、自由度が高い指し方だよ。,A strategy that exchanges bishops and then swings the rook. The freedom and mind games over where to drop the bishop in hand are what make it fun.
普通は弱点とされる角の頭の歩をあえて突く大胆な戦法!坂田三吉さんが指して「古今第一の奇手」と称されたんだって。,"A bold strategy that pushes the pawn above the bishop, normally considered a weakness. Sankichi Sakata played it, and it was praised as the greatest strange move of all time."
角道を開けたまま四間飛車に構える現代的な指し方。普通は角道を閉じるんだけど、開けておくことで攻めの可能性が広がるよ。,"A modern way to play Fourth File Rook while leaving the bishop diagonal open. Normally the diagonal is closed, but keeping it open expands attacking possibilities."
伊藤果先生が考案した、飛車を下段で左右にクルクル回して相手の攻めを受け流す超持久戦の戦法。「戦わない、攻めない」っていう精神がとってもユニークだよね。,"An ultra-long-game strategy devised by Hatasu Ito, rotating the rook left and right along the lower rank to parry the opponent's attacks. Its spirit of not fighting and not attacking is truly unique."
加藤一二三先生の袖飛車で、対ツノ銀中飛車の急戦策。「ひふみん」こと加藤先生らしい、力強い攻めが魅力の戦法だよ。,"Hifumi Kato's Sleeve Rook, a quick attack against Horned Silver Central Rook. It has the powerful attacking flavor typical of Hifumin."
三間飛車の対穴熊戦法、略してカナシス!銀を前線に繰り出して数の攻めで穴熊に対抗するんだ。,"A Third File Rook anti-Anaguma strategy, abbreviated Kanashisu. It sends the silver to the front and fights Anaguma with a numerical attack."
金沢孝史先生が王位戦予選で披露した、3手目に角を上がる奇襲的な力戦誘導型の戦法。天彦流の先行形とも言えるね。,"A surprise fighting strategy shown by Takashi Kanazawa in an Oi qualifier, raising the bishop on move three. It can be seen as a predecessor to the Amahiko Style."
カニカニ銀で有名な児玉孝一先生の後手番向けの戦法!今度は銀じゃなくて金を攻めに使う超攻撃的な構想なんだ。,"A strategy for White by Koichi Kodama, famous for Crab-Crab Silver. This time it uses a gold rather than a silver for attack, creating an extremely aggressive plan."
児玉孝一先生が考案した、2枚の銀をカニのハサミみたいに中央に出して総攻撃する超攻撃型戦法!居玉のまま全力で攻めるから、攻めが決まったときの爽快感がたまらないよ!,"An all-out attacking strategy devised by Koichi Kodama that sends two silvers into the center like crab claws. Since it attacks at full power while the king stays uncastled, landing the attack feels excellent."
元奨励会三段の鈴木英春さんが考案した総合戦法で、19手で基本の形が完成するから「必殺19手定跡」って呼ばれてるんだって。この戦法でアマ王将を連覇したすごい戦法!,"A comprehensive strategy devised by former Shoreikai 3-dan Eishun Suzuki. Its basic form is completed in 19 moves, hence the nickname Deadly 19-Move Joseki. It is a remarkable strategy that helped him win the Amateur Osho repeatedly."
鈴木英春さんが考案した、相手の出方を見てから変幻自在に対応する総合戦法。カメレオンみたいにコロコロ姿を変えるから、相手は何をされるかわからなくて困っちゃうんだ!,"A comprehensive strategy devised by Eishun Suzuki that responds freely after seeing the opponent's setup. Like a chameleon changing form, it leaves the opponent unsure what is coming."
先手石田流への対策として開発された戦法で、相振り飛車筋違い角の形になるんだ。ちょっと変わった名前の戦法だね。,"A strategy developed as an answer to Black's Ishida Style, leading to a Double Ranging Rook Wrong Diagonal Bishop shape. It has a rather unusual name."
角を積極的に活用する攻撃的な戦法体系。旧型から新型までいろんなバリエーションがあって、研究がとっても深いんだ。,"An aggressive strategic system that actively uses the bishop. It has many variations from old to new forms, and the research runs deep."
読みは「きもきもきん」!守りの金をどんどん前に繰り出していく、見た目がちょっと変わった対石田流の戦法。ニコニコ生放送から生まれたんだって。名前の通り、金の動きがたしかに独特だよ......あれれ......?,"Read as Kimokimo-Kin. This anti-Ishida Style strategy keeps advancing defensive golds to the front, producing a rather strange-looking shape. It came from Niconico Live. True to the name, the gold movement is certainly unusual... wait, what?"
初代実力制名人の木村義雄先生が完成させた、角換わり腰掛け銀の伝説的な定跡。なんと先手の勝ちまで読み切られた「完成された定跡」で、手筋の宝庫って言われてるよ!,"A legendary Bishop Exchange Reclining Silver joseki completed by first Real-Strength Meijin Yoshio Kimura. It was analyzed as a completed joseki all the way to a win for Black, and is known as a treasure house of tactics."
飛車を9筋に振る、とっても珍しい戦法。一間飛車の反対側だね。駒の働きが悪くなりやすいから使いどころが難しいけど、意表を突けるのは間違いないよ!,"A very rare strategy that swings the rook to the ninth file, the opposite side from First File Rook. The pieces can become inefficient, so timing is difficult, but it definitely surprises the opponent."
玉の頭の方面に銀を繰り出して攻める戦法。普通は守る場所を攻めの起点にしちゃう、ちょっと大胆な作戦だね。,"A strategy that sends a silver toward the opponent king's head. It turns the area one normally defends into the starting point of attack, making it a rather bold plan."
玉の頭の方面で歩を5段目まで進めて位を取る戦法。制圧力は高いけど、位を維持するのが大変で、ちょっと上級者向けかも。,"A strategy that advances a pawn to the fifth rank near the king's head to take a vanguard position. Its suppressive power is high, but maintaining the vanguard is difficult, so it may be for advanced players."
相掛かりで銀を前に繰り出す戦法で、飛車を鎌、銀を分銅に見立てた加藤治郎先生のネーミングがかっこいいよね。「猪突銀戦法」って別名もあるんだって。,"A Double Wing Attack strategy that sends the silver forward. Jiro Kato's naming, comparing the rook to a sickle and the silver to a weight, is stylish. It is also called Boar-Rushing Silver."
アマ強豪の楠本誠二さんが考えた穴熊退治の専用プランで、角で飛車のコビンを狙いつつ鉄壁の守りを築く。穴熊に負けず劣らず手数がかかるから、根気が大事だね。,"A dedicated Anaguma-killing plan devised by strong amateur Seiji Kusumoto. It uses the bishop to aim at the rook's diagonal weak point while building an iron defense. It takes as many moves as Anaguma, so patience is essential."
飛車を中央に持っていって、とにかく中央突破を目指すシンプルな中飛車!細かいことは考えずにまっすぐ攻めるから、将棋を始めたばかりの人にもおすすめだよ。,"A simple Central Rook that moves the rook to the center and aims straight for a central breakthrough. Since it attacks directly without worrying about details, it is recommended even for new shogi players."
将棋の攻めの基本中の基本!銀をまっすぐ前に進めて、飛車と協力して相手の陣地を突破する。将棋を覚えたら最初にやってみてほしい戦法だよ!,One of the fundamentals of shogi attack. The silver advances straight ahead and works with the rook to break through the opponent's camp. It is a strategy everyone should try after learning shogi.
YouTuberの「こいなぎ」さんが体系化した中飛車対策の右玉。普通の右玉とは金と銀の配置が逆で、受けてからの反撃を基本にしているよ。,"A Right King system against Central Rook organized by YouTuber Koinagi. Unlike normal Right King, the gold and silver placement is reversed, and the plan is to defend first and counterattack."
腰掛け銀の金バージョンで、銀の代わりに金を中央に進出させる攻撃的な構想。守りが薄くなるけど、その分攻めに厚みが出るよ。,"The gold version of Reclining Silver, advancing a gold into the center instead of a silver. The defense becomes thinner, but the attack gains thickness."
銀を中段に構えて攻守のバランスを取る戦法。腰掛け銀の形は攻めにも守りにも柔軟に対応できて、プロの対局でもとっても多い形だよ。,"A strategy that places the silver in the middle ranks for attack-defense balance. Reclining Silver can flexibly handle both attack and defense, and appears very often in professional games."
近藤正和先生が考案した、角道を開けたまま飛車を中央に持っていく中飛車!「ご機嫌」って名前が楽しいよね。攻守のバランスがよくて、プロでもアマでも大人気の戦法!,"A Central Rook devised by Masakazu Kondo that moves the rook to the center while keeping the bishop diagonal open. The Cheerful name is fun, and its good attack-defense balance makes it popular with professionals and amateurs alike."
中央の歩を5段目まで進めて「位」を取る戦法。中央をどっしり占拠して、相手の動きを制約するのが狙いだよ。,A strategy that advances the central pawn to the fifth rank to take a vanguard. The aim is to occupy the center firmly and restrict the opponent's movement.
相掛かりの序盤5手目で歩をいきなり突いちゃう奇襲で、まるで爆弾の導火線に火をつけるような一手。相手が受け間違えると大変なことになるよ!,"A surprise in Double Wing Attack that suddenly pushes a pawn on Black's fifth opening move, like lighting a bomb fuse. If the opponent responds incorrectly, things can become serious."
ゴキゲン中飛車に対して金を早めに上がって超急戦を挑む居飛車の作戦。金の力で中飛車の中央突破を真正面から押さえ込むんだ。,A Static Rook plan against Cheerful Central Rook that raises the gold early and launches an ultra-quick attack. The gold's strength directly suppresses Central Rook's central breakthrough.
守りの金を前線にグイグイ出して力ずくで攻める戦法。名前の通りゴリゴリ押していく!知らないとちょっと面食らうかも。,"A strategy that drives a defensive gold to the front and attacks by force. As the name suggests, it pushes hard. If you do not know it, it can be startling."
坂田三吉さんが1937年の「南禅寺の決戦」で木村義雄先生に対して指した伝説の一手。当時は悪手扱いだったけど、今のプロは「とがめるのは難しい」って言ってるんだって。,"The legendary move Sankichi Sakata played against Yoshio Kimura in the 1937 Battle of Nanzenji. It was considered a bad move at the time, but modern professionals say it is difficult to refute."
坂田三吉さんが1919年に指した一局がきっかけで名前がついたんだけど、実は元の定跡は江戸時代からあったんだって。角交換から自然に向かい飛車に組める手順が魅力だよ。,"Named after a game Sankichi Sakata played in 1919, though the original joseki actually existed since the Edo period. Its appeal is a natural route from bishop exchange into Opposing Rook."
青野照市先生が考案して米長邦雄先生がタイトル戦で愛用した対四間飛車の急戦策。二人とも東京の鷺宮に住んでいたから「鷺宮定跡」って名前になったんだ。ご近所定跡だね!,"A quick-attack plan against Fourth File Rook devised by Teruichi Aono and used by Kunio Yonenaga in title matches. Both lived in Saginomiya, Tokyo, which is how the Saginomiya Joseki got its name."
角交換四間飛車の一種で、「宗歩四間飛車」とも呼ばれるよ。江戸時代の天才棋士・天野宗歩に由来するって言われてるんだけど、宗歩がこの形を指した棋譜は1局しかないんだって。,"A type of Bishop Exchange Fourth File Rook, also called Soho Fourth File Rook. It is said to derive from Edo-period genius Amano Soho, though there is only one surviving record of him playing this shape."
飛車を3筋に振る振り飛車の基本形で、角道を活かした攻めと美濃囲いの相性がすごくよくて、初心者からプロまでみんなに愛されてるよ!,"The basic Third File Rook form, swinging the rook to the third file. Its bishop-line attacks and compatibility with Mino Castle are excellent, so it is loved by everyone from beginners to professionals."
内藤國雄先生が生み出した横歩取りの戦法で、「内藤流」とも呼ばれるよ。後手が角を上がることで先手の飛車を追い回して、主導権を握るのが狙い!,"A Side Pawn Picker strategy created by Kunio Naito, also called Naito Style. White raises the bishop to chase Black's rook and seize the initiative."
横歩取りで桂馬をポンと跳ねる戦法。最初は奇襲扱いだったんだけど、屋敷伸之先生が棋聖戦で使って注目を集めたんだ。,"A Side Pawn Picker strategy that jumps the knight. It was first treated as a surprise, but Nobuyuki Yashiki brought attention to it by using it in a Kisei match."
矢倉の攻め方のひとつで、銀を前線に繰り出して相手の矢倉をじわじわ攻めていく戦法だよ。地味に見えるけど、プロでもよく使われる堅実な作戦!,"One way to attack Yagura, sending the silver forward and gradually pressuring the opponent's castle. It looks plain, but it is a solid plan often used by professionals."
今泉健司先生が奨励会三段のときに考案した、2手目にいきなり三間に振る戦法。奨励会員として初めて升田幸三賞を受賞したんだって!久保先生や羽生先生も使ったことがあるよ。,"A strategy Kenji Imaizumi devised as a Shoreikai 3-dan, swinging to Third File Rook on White's second move. It was the first Masuda Award won by a Shoreikai member, and has been used by Kubo and Habu."
石田流三間飛車を封じる戦法で、筋違い角から棒銀で一気に攻め潰すのが狙いだよ。,"A strategy for shutting down Ishida-style Third File Rook, aiming to crush it at once with Wrong Diagonal Bishop into Climbing Silver."
飛車を4筋に振る、振り飛車の王道中の王道!美濃囲いとの相性がバツグンで、「迷ったら四間飛車」って言われるくらいみんなに愛されている戦法だよ。,"The royal road of Ranging Rook, swinging the rook to the fourth file. Its compatibility with Mino Castle is excellent, and it is so beloved that people say to play Fourth File Rook when in doubt."
角を4手かけて好位置に転換する手順のこと。じっくり時間をかけて角を理想のポジションに持っていく、丁寧な指し方だよ。,A maneuver that spends four moves transferring the bishop to a good square. It is a careful way to take time and place the bishop in an ideal position.
対振り飛車の万能戦法で向かい飛車にして振り飛車に対抗するっていう、ユニークな対振り飛車戦法。ネット将棋から広まった新しい作戦だよ! ,A unique all-purpose anti-Ranging Rook strategy that answers Ranging Rook by using Opposing Rook. It is a newer plan that spread through online shogi.
14世名人の木村義雄先生に「必勝法がある」って切り捨てられた手順を、鈴木大介先生が新しい手を見つけて復活させた石田流の進化形。2005年に升田幸三賞を受賞してるよ!,An evolved Ishida Style revived when Daisuke Suzuki found a new move in a line Yoshio Kimura had dismissed as having a forced win against it. It won the Masuda Award in 2005.
アマチュアの嬉野宏明さんの嬉野流の進化版。嬉野流は升田幸三賞を受賞していて、新嬉野流は中央の歩を突いてから銀を出すのが新しいポイントで、元の嬉野流より柔軟になったんだ。,"An evolution of amateur Hiroaki Ureshino's Ureshino Style. Ureshino Style won the Masuda Award, and New Ureshino Style is more flexible than the original because it pushes the central pawn before bringing out the silver."
米長邦雄先生が鬼殺しを改良した戦法。普通の鬼殺しと違って、奇襲が失敗しても普通に戦い続けられるのがうれしいポイントだよ。,"Kunio Yonenaga's improvement to Demon Killer. Unlike normal Demon Killer, it can continue as a normal game even if the surprise fails, which is a welcome point."
現代に蘇った雁木の新しい形。AIの影響で再評価されて、金銀のバランスの良い配置からじっくり戦える戦法として見直されているよ。,A new form of Snowroof revived in the modern era. It was reevaluated under AI influence as a strategy that can fight slowly from a well-balanced gold and silver setup.
米長邦雄先生が2012年の第1回将棋電王戦でコンピュータ将棋ソフトとの対局で指した作戦。2手目に玉をいきなり動かしてコンピュータのデータベースを無効化するっていう、まさに人間ならではの知恵だよね!,"A plan Kunio Yonenaga used against a computer shogi engine in the first Denosen match in 2012. Moving the king on move two disabled the computer's database, a very human piece of wisdom."
ゴキゲン中飛車の手順を先に入れてから三間に振ることで、相手のいやな角打ちをあらかじめ封じているのがポイントだよ。,"The key is to insert the Cheerful Central Rook move order first and then swing to Third File Rook, preventing unpleasant bishop drops in advance."
菅井竜也先生がゴキゲン中飛車の出だしからスッと飛車を三間に振り直す角交換型の三間飛車!手が滑ったみたいな振り直しから「うっかり三間」なんて呼ばれてるんだって、えへへ。2017年の王位戦で羽生善治先生を倒した一局が有名だよ!,An exchange-bishop Third File Rook where Tatsuya Sugai starts with the Cheerful Central Rook move order and then casually re-swings to the third file. The slipped-hand-like re-swing gave it the nickname Accidental Third File. Its famous example is Sugai's 2017 Oi match win over Yoshiharu Habu.
角を普通とは違う斜めのラインに打つ戦法。一歩得できるのがうれしいけど、角の働きが悪くなりやすいから使いこなすのが大変なんだ。,"A strategy that drops the bishop on an unusual diagonal. Winning a pawn is nice, but the bishop can become hard to use, so mastering it is difficult."
阪田流向かい飛車の出だしから筋違い角を打つ奇襲戦法。指導棋士の木屋太二先生が考案して、一歩得から向かい飛車に展開する攻撃的な作戦だよ。,"A surprise strategy that drops a Wrong Diagonal Bishop from the Sakata-Style Opposing Rook opening. Instruction professional Taiji Kiya devised this aggressive plan, gaining a pawn and developing into Opposing Rook."
飛車と香車を端にそろえて、端から一点突破を狙う戦法!角が斜めに1三を狙う形が、雀を捕らえるときに槍を構える「鳥刺し」に似ていることが名前の由来なんだって。,"A strategy that lines up rook and lance on the edge and aims for a single-point breakthrough. Its name comes from the bishop aiming diagonally at 1三, resembling a hunter setting a spear to catch a sparrow."
角換わりから右玉に構えて、銀二枚を柔軟に使いながらカウンターを狙う戦法だよ。普通の右玉よりも銀の配置に工夫があって、攻守のバランスがすごくいいんだ!,"A Bishop Exchange strategy that builds Right King and uses both silvers flexibly to counterattack. Compared with normal Right King, the silver placement is more refined and the attack-defense balance is excellent."
先手番で中央の歩を突いて中飛車に構える戦法。先手の一手の利を活かして、積極的に主導権を握りにいく攻撃的な指し方だよ。,A strategy for Black that pushes the central pawn and builds Central Rook. It uses Black's first-move advantage to seize the initiative aggressively.
飛車を端のほうに持っていく戦法。「袖」っていうのは端のことで、普段あまり使われない端の飛車が意外な攻撃力を発揮するよ。,"A strategy that moves the rook toward the edge. Sleeve means the side, and this rarely used side rook can show surprising attacking power."
対振り飛車で急がずにじっくり構える作戦の総称。穴熊や銀冠に組んでから戦うから、ゆっくり考えたい人におすすめだよ。,"A general term for anti-Ranging Rook plans that build slowly instead of rushing. Since you fight after making Anaguma or Silver Crown, it suits players who want to think at a slower pace."
高田尚平先生が考えた、対振り飛車で飛車がいる左側に玉を囲う戦法。普通は飛車と反対側に囲うから発想が逆なんだけど、懐が広くて逃げ道豊富な形になるんだ。,"A strategy devised by Shohei Takada that castles the king on the rook's left side against Ranging Rook. Normally the king castles away from the rook, so the idea is reversed, but the shape has depth and many escape routes."
アマ強豪の柿沼昭治さんが考案して、女流棋士の竹部さゆりさんが実戦で連採したことで名前がついた戦法。横歩取りでいきなり飛車を切っちゃう、びっくりする奇襲だよ!,A strategy devised by strong amateur Shoji Kakinuma and named after women's professional Sayuri Takebe used it repeatedly in real games. It is a surprising Side Pawn Picker tactic that sacrifices the rook immediately.
アマ強豪の立石勝己さんが考案した四間飛車で、途中で飛車を石田流の位置に転換させるのがポイント。アマチュア発祥でプロにも使われた珍しい戦法で、升田幸三賞特別賞をもらったんだよ!,A Fourth File Rook devised by strong amateur Katsumi Tateishi that later converts the rook to an Ishida Style square. It is a rare amateur-born strategy used by professionals and received a Masuda Award special prize.
角交換の直後に飛車を向かい飛車にスパッと振る戦法。遠回りせずに直接向かい飛車にするから「ダイレクト」なんだ。テンポよく攻めの形が作れるよ!,"A strategy that swings the rook directly to Opposing Rook immediately after bishop exchange. It is direct because it does not take a detour, and it can build an attacking shape with good tempo."
飛車を一番下の段で横にスーッと走らせる戦法。名前の通り地下鉄みたいに端から端まで移動して、端攻めを狙うよ!,"A strategy that runs the rook smoothly along the bottom rank. As the name Subway Rook suggests, it travels from edge to edge and aims for an edge attack."
ゴキゲン中飛車に対して、序盤から一気に飛車先を突破しにいく激しい戦法!のんびり構える暇なんてない、スピード勝負の将棋になるよ。,A sharp strategy against Cheerful Central Rook that breaks through the rook pawn immediately from the opening. There is no time to sit back; it becomes a speed contest.
ゴキゲン中飛車に対して素早く銀を繰り出す居飛車の対策。名前の通り超スピードで仕掛けていくから、中飛車側もうかうかしてられないんだ。,"A Static Rook answer to Cheerful Central Rook that sends the silver forward quickly. True to the Ultra-Speed name, it attacks fast enough that Central Rook cannot relax."
塚田泰明先生が考案した相掛かりの超急戦で、なんとこの戦法を使って公式戦22連勝したんだって!中原先生や米長先生にも勝っちゃったっていうからすごいよね。,"An ultra-quick Double Wing Attack devised by Yasuaki Tsukada. He reportedly won 22 official games in a row with it, even beating Nakahara and Yonenaga. Impressive."
鈴木英春さんが考案した、歩をつくつくと次々に突いていく戦法。名前がかわいいよね!ひねり飛車と陽動振り飛車を混ぜたような、独創的な指し方だよ。,A strategy devised by Eishun Suzuki that keeps pushing pawns one after another. The name is cute. It is an original style combining Twisting Rook and Feint Ranging Rook.
2枚の銀をツノのように並べて構える雁木の形。銀が中央をしっかり支えていて、どっしりした安定感のある駒組みだよ。,"A Snowroof shape with two silvers lined up like horns. The silvers firmly support the center, giving it a steady, stable formation."
二枚の銀をツノのように並べて構える中飛車。銀がしっかり中央を支えていて安定感バツグンだよ。昔ながらの中飛車の代表格!,A Central Rook with two silvers lined up like horns. The silvers strongly support the center and give excellent stability. It is a classic representative Central Rook form.
遠山雄亮先生が体系化した中飛車の指し方。持久戦でじっくり力を溜めてから攻めるスタイルが特徴で、著書も出している研究派の戦法だよ。,"A Central Rook style systematized by Yusuke Toyama. It features a slow-game style that stores power before attacking, and Toyama has written books on this research-heavy strategy."
都成竜馬先生が奨励会時代に指していた戦法。相手の飛車先に対して角じゃなくて銀で受けるのが独特で、糸谷哲郎先生がイベントで紹介して広まったんだ。,"A strategy Ryuma Tonari played during his Shoreikai days. It uniquely answers the opponent's rook pawn with a silver rather than a bishop, and spread after Tetsuro Itodani introduced it at an event."
アマチュアのタップダイスさんが体系化した、三間飛車から穴熊を端攻めで一気に破壊する超攻撃的な戦法!守りは後回し、とにかく穴熊の弱点を最速で叩く。一気にいくにゃ!,"An ultra-aggressive strategy systematized by amateur TapDice, using Third File Rook to destroy Anaguma quickly with edge attacks. Defense comes later; strike Anaguma's weakness at top speed. Go all in!"
角を使って振り飛車の急所をピンポイントに狙う戦法。昔の「鳥刺し」っていう鳥を捕まえる猟師が獲物を狙うように、引き角で相手の駒を狙い撃ちするのが名前の由来なんだって。,"A strategy that uses the bishop to precisely target Ranging Rook's weak points. The name comes from old torisashi hunters catching birds, likening the pullback bishop to aiming at prey."
引き角から使った攻撃的な戦法だよ。ドラゴンスペシャル......なんだか必殺技みたいな名前でわくわくしちゃうね! ,"An aggressive strategy using a pullback bishop. Dragon Special sounds like a finishing move, which makes it exciting."
「コーヤン」こと中田功先生の三間飛車から、桂馬を早めに跳ねて穴熊を端から攻めちゃう急戦策!「XP」は島朗先生が当時のWindowsにちなんで名付けたんだって。,"A quick attack from Ko-yan Isao Nakata's Third File Rook, jumping the knight early to attack Anaguma from the edge. The XP name was given by Akira Shima after Windows XP at the time."
中原誠先生の名を冠した、相掛かりから飛車を中段に浮かせて攻める戦法。攻め足はゆっくりだけど破壊力バツグンで、中原先生らしい豪快な指し方だよ!,"A strategy named after Makoto Nakahara, floating the rook to the middle ranks from Double Wing Attack. The attack speed is slow, but the destructive power is outstanding, fitting Nakahara's bold style."
中原誠先生が棋風改造のために編み出した相掛かりの指し方。「自然流」と呼ばれた中原先生が、ここから激しい空中戦スタイルに変わっていったんだって。,"A Double Wing Attack style Makoto Nakahara devised while remaking his playing style. Nakahara, known for Natural Style, shifted from this into intense aerial battles."
中原誠先生の急戦矢倉で、金を前線に繰り出して攻めるのがポイント。守りの金を攻めに使うのがちょっと大胆だよね。,"Makoto Nakahara's quick Yagura attack, where the gold advances to the front. Using a defensive gold for attack is rather bold."
飛車を中央に持っていく振り飛車の基本形。盤の真ん中から攻めるシンプルな発想で、攻守のバランスが良い戦法だよ。,The basic form of Ranging Rook that moves the rook to the center. It attacks from the middle of the board with a simple idea and has good attack-defense balance.
中飛車に構えながら玉を左の穴熊に入れる作戦。中飛車の攻撃力と穴熊の堅さを両方手に入れる欲張りな戦法だよ。,A plan that builds Central Rook while placing the king in Left Anaguma. It greedily combines Central Rook's attacking power with Anaguma's solidity.
将棋VTuberの菜々河れいさんが仲間と一緒に研究開発した向かい飛車!プロの黒田尭之先生が公式戦で採用して、VTuber発の戦法として注目されたんだ。,"An Opposing Rook researched and developed by shogi VTuber Nanakawa Rei and friends. Professional Takayuki Kuroda used it in an official game, drawing attention as a VTuber-born strategy."
将棋VTuberの菜々河れいさんが考案した、序盤にいきなり角を上がるびっくりする戦法!プロの黒田尭之先生が公式戦で勝って、マイナビから本も出たんだよ。,"A surprising strategy by shogi VTuber Nanakawa Rei that raises the bishop immediately in the opening. Professional Takayuki Kuroda won with it in an official game, and Mynavi even published a book on it."
ゴキゲン中飛車に対して飛車をずらして構える変則的な急戦策。名前に「亜」がついてるのは、完全な急戦じゃなくてちょっと独特な仕掛けだからだよ。,"An unusual quick-attack plan against Cheerful Central Rook that shifts the rook. The sub name indicates it is not a pure quick attack, but has a somewhat distinctive timing."
門倉啓太先生が考案した、いきなり飛車を三間に振る画期的な戦法!先に飛車を振ることで角道を開けたまま戦えるのが最大の利点なんだ。久保利明先生もタイトル戦で使ってるよ。,"A groundbreaking strategy devised by Keita Kadokura that swings the rook to the third file immediately. Swinging first lets you fight while keeping the bishop diagonal open, its greatest advantage. Toshiaki Kubo has also used it in title matches."
横歩取りで歩を打って受ける古い戦法なんだけど、先手に有効な対策が見つかっちゃって、今ではほとんど指されなくなったんだって。,"An old Side Pawn Picker defense using a pawn drop. Since an effective answer for Black was found, it is now rarely played."
屋敷伸之先生が指し始めた相矢倉の速攻戦法。守り駒の銀がこっそり城から抜け出して攻めに参加する様子が忍者みたいだからこの名前。かっこいいよね!,"A fast attack in Double Yagura pioneered by Nobuyuki Yashiki. The defending silver slips out of the castle and joins the attack like a ninja, which is where the cool name comes from."
将棋YouTuber「はく」さんが考案した四間飛車で、自分から角交換を仕掛けてから自陣に角を打ち直す、独特な戦法だよ!攻める四間飛車を指したい人にはおすすめだね!,"A Fourth File Rook devised by shogi YouTuber Haku, exchanging bishops voluntarily and then dropping a bishop back in his own camp. It is a distinctive strategy recommended for players who want an attacking Fourth File Rook."
中座真先生が考案した横歩取りの後手戦法で、飛車を五段目に引くのが斬新だったんだ。後手が攻めやすくてプロ間で大流行した、横歩取りの代名詞的な戦法!,"A White Side Pawn Picker strategy devised by Makoto Chuza, where pulling the rook to the fifth rank was innovative. White can attack easily, and it became so popular among professionals that it is almost synonymous with Side Pawn Picker."
漫画『ハチワンダイバー』に登場する戦法で、序盤に居飛車か振り飛車かを決めずに相手の出方を見てから決める作戦!漫画の作者がイベントで実際に使って勝ったこともあるんだって。,"A strategy from the manga 81diver, delaying the choice between Static Rook and Ranging Rook until after seeing the opponent's setup. The manga author even used it and won at an event."
羽生善治先生が2018年の棋聖戦で見せた袖飛車の形。金を先に上がってから飛車を移動させる工夫で、十字飛車の弱点を消しているのがさすがだよね!,"A Sleeve Rook shape shown by Yoshiharu Habu in the 2018 Kisei match. Raising the gold before moving the rook removes Cross Rook's weakness, showing Habu's ingenuity."
序盤からいきなり歩を突いて速攻を狙う三間飛車!昔は「ハメ手」なんて言われてたんだけど、升田幸三先生の手で立派な戦法に生まれ変わったんだよ。,"A Third File Rook that pushes a pawn immediately in the opening to aim for speed. It used to be called a trap line, but Kozo Masuda turned it into a proper strategy."
銀を素早く前線に繰り出して攻める戦法。名前の通りスピード重視で、相手が態勢を整える前に仕掛けちゃうのが狙い!,"A strategy that quickly sends the silver to the front. True to the Speed name, it aims to strike before the opponent can finish their formation."
ゲームのパックマンみたいに歩を「パクッ」と食べちゃう奇襲戦法!一見タダ取りできそうな歩なんだけど、取ると激しい乱戦になっちゃうから要注意だよ。,"A surprise strategy that eats a pawn with a snap, like the game Pac-Man. The pawn may look free, but taking it can trigger a fierce brawl, so caution is required."
左美濃の堅い囲いから急戦を仕掛ける、攻守バランスの良い作戦。舟囲いより堅いから、攻めが少しくらいうまくいかなくても安心だよ。,"A balanced attack-defense plan that launches a quick attack from the solid Left Mino castle. Since it is harder than Boat Castle, you can feel safe even if the attack is not perfect."
飛車をひねるように横に振り直す戦法。もともと居飛車だった飛車が途中で振り飛車に変わるから、相手は対応に困っちゃうんだ。,"A strategy that twists the rook sideways. A rook that began as Static Rook changes into Ranging Rook partway through, making it hard for the opponent to respond."
玉の周りの駒の配置が魚のヒラメに似ていることからこの名前がついたんだって。金銀4枚の低い構えがとっても堅くて、角交換にも強いのが特徴だよ。,The name comes from the way the pieces around the king resemble a flatfish. The low formation with four golds and silvers is very solid and strong against bishop exchange.
藤井猛先生が居飛車穴熊を倒すために生み出した、四間飛車の革命的な戦法!穴熊に囲わせる前に仕掛けるっていう発想がすごくて、振り飛車の歴史を変えたって言われてるよ。,A revolutionary Fourth File Rook strategy created by Takeshi Fujii to defeat Static Rook Anaguma. The idea of attacking before the opponent can enter Anaguma was so important that it changed Ranging Rook history.
振り飛車側が玉を端に寄せてミレニアム囲いに入る戦法。居飛車のミレニアム囲いを振り飛車に応用したもので、穴熊とはまた違った堅さがあるよ。,"A Ranging Rook strategy that moves the king to the edge and enters Millennium Castle. It adapts the Static Rook Millennium to Ranging Rook, giving it a different kind of solidity from Anaguma."
将棋YouTuberのSugarさんが開発した対振り飛車の超速攻急戦!元奨励会員の知人に「こんな指し方で負けたら振り飛車やめる!」って言われたのが名前の由来なんだって、えへへ。マイナビから本も出てるよ!,An ultra-fast anti-Ranging Rook quick attack developed by shogi YouTuber Sugar. The name comes from a former Shoreikai acquaintance saying that losing to this would make them quit Ranging Rook. Mynavi also published a book on it.
普通は守りに使う金をまっすぐ前に出して攻めに使う戦法!金が前線でグイグイ押していく姿はちょっと意外だけど、パワフルだよ。,"A strategy that sends a gold straight forward for attack, even though gold is normally used for defense. Seeing the gold push on the front line is surprising, but powerful."
銀をまっすぐ前に出して飛車と協力して攻める、将棋の基本戦法!シンプルだけど奥が深くて、加藤一二三先生が生涯愛用したことでも有名だよ。,"A basic shogi strategy where the silver advances straight ahead and attacks together with the rook. It is simple but deep, and is also famous as a lifelong favorite of Hifumi Kato."
佐藤康光先生に代表される、銀を何手も連続で動かしまくる破天荒な指し方の俗称。棋王戦で銀を5手連続で動かした対局が有名で、「暴れる銀」で暴銀なんだって!,"A slang term for wild play represented by Yasumitsu Sato, moving the silver repeatedly for several consecutive moves. A famous Kio match saw a silver move five times in a row; raging silver became Bo-gin."
桂馬をポンポンと連続で跳ねて攻める対四間飛車の急戦策!故・富沢幹雄先生が愛用したことから「富沢キック」とも呼ばれるんだって。桂馬を捨てて飛車先を突破する大胆な作戦だよ。,"A quick attack against Fourth File Rook that jumps the knight repeatedly. It is also called Tomizawa Kick after the late Mikio Tomizawa, who used it often. Sacrificing the knight to break through the rook file is a bold plan."
四間飛車の変則型で、金を前線に上げて攻撃的に構える独特の布陣。「魔界」っていう名前の通り、普通の四間飛車とはだいぶ違う不思議な形だよ。,"An irregular Fourth File Rook formation that raises the gold to the front and takes an aggressive shape. As the Demon World name suggests, it is quite different from normal Fourth File Rook."
升田幸三先生が披露した、振り飛車なのに角交換を許すっていう常識破りの指し方!将棋界中が驚いて、街の縁台将棋でもみんな真似してたんだって。,"A common-sense-breaking style Kozo Masuda showed, allowing bishop exchange despite playing Ranging Rook. The whole shogi world was shocked, and players in casual street shogi imitated it too."
真部一男先生が愛用した三間飛車の対穴熊戦法。中央に位を張って高美濃囲いからじわじわ攻める、ベテランらしい味わい深い指し方だね。,"A Third File Rook anti-Anaguma plan favored by Kazuo Manabe. It takes a central vanguard and attacks gradually from High Mino Castle, a seasoned and tasteful style."
1940年代にプロ棋士の間宮純一先生が考案した入玉戦法。「一番安全な場所は敵陣」っていう大胆すぎる発想で、初手から玉を敵陣に向かって進めちゃうんだって。えー!,"An entering-king strategy devised in the 1940s by professional Junichi Mamiya. With the bold idea that the safest place is the enemy camp, it sends the king toward the opponent's side from move one. Wow."
丸山忠久先生が編み出したゴキゲン中飛車への対策戦法。名前の由来は医師の丸山千里先生が開発した「丸山ワクチン」と同じ苗字だからなんだって。ゴキゲン中飛車に対して積極的に角交換を挑んでいくよ。,"A strategy against Cheerful Central Rook created by Tadahisa Maruyama. The name comes from sharing a surname with Chisato Maruyama, developer of the Maruyama vaccine. It actively challenges Cheerful Central Rook with bishop exchange."
玉を右側に構える柔軟な戦法。相手の攻めをかわしながらカウンターを狙う、ちょっと大人な指し方だよ。,"A flexible strategy that places the king on the right. It dodges the opponent's attack while aiming for counters, a rather mature style."
飛車を右から4列目に持っていって、飛車・角・銀・桂の全部の攻め駒を一点に集中させて攻める戦法!みんなで力を合わせて......せーのっ!ドーン!って一気に攻める瞬間が最高なんだ!私の一番得意な戦法だよ!,"A strategy that moves the rook to the fourth file from the right and concentrates rook, bishop, silver, and knight on one point. The moment everyone attacks together with a big boom is the best. It is my strongest strategy."
右四間飛車からすぐに攻めに行く速攻型!囲いは最低限にして、とにかく攻めのスピードで勝負するの。攻めが決まったときの気持ちよさは最高だよ!,"A fast-attacking Right Fourth File Rook that attacks immediately. The castle is minimal, and everything is decided by attack speed. It feels amazing when the attack lands."
右四間飛車の攻めの形に左美濃の堅い囲いを合わせた、攻守バランスの取れた作戦。攻めるだけじゃなくて守りもしっかりしてるから、安心して戦えるんだ。,"A balanced plan combining the attacking shape of Right Fourth File Rook with the solid Left Mino castle. It does not only attack; it defends well too, so you can fight with confidence."
飛車を相手の飛車と向かい合わせに振る振り飛車の基本形。相手の飛車先を受けやすくて、カウンター狙いの戦法だよ。,"The basic Opposing Rook form, swinging the rook to face the opponent's rook directly. It can easily meet the opponent's rook pawn and aims for counters."
村田顕弘先生が考案した、角道を開けないで駒組みを進める戦法。相手が居飛車でも振り飛車でもほぼ同じ形で対応できる「オールインワン」な作戦で、升田幸三賞特別賞を受賞!,"A strategy devised by Akihiro Murata that develops without opening the bishop diagonal. It is an all-in-one plan that can use nearly the same shape whether the opponent chooses Static Rook or Ranging Rook, and it won a Masuda Award special prize."
名前の通り、相手がどう来てもお構いなしに強引に石田流を目指す力技!角交換になっても「序盤は飛車より角」を信じて突き進むんだ。,"A forceful plan that aims for Ishida Style no matter what the opponent does. Even if bishops are exchanged, it pushes ahead believing that in the opening, bishop matters more than rook."
銀をいきなり上がる出だしの総合戦法。相手の戦型に関係なくこの形にできるのが魅力だよ!,A comprehensive strategy that starts by raising the silver immediately. Its appeal is that it can reach this shape regardless of the opponent's opening.
序盤で飛車をいきなり中段に浮かせて、うろうろしながら歩を取りに行く奇襲戦法。「ウキウキ飛車」っていう別名もあるんだって。,A surprise strategy that floats the rook to the middle ranks early and wanders around taking pawns. It is also known as Excited Rook.
アマ強豪の横山公望さんが考案して自ら「メリケン流」と名付けた攻撃的な向かい飛車!位を取って金を前に出して、ガンガン攻めていくのが特徴だよ。,"An aggressive Opposing Rook devised by strong amateur Kosuke Yokoyama, who named it Meriken Style himself. It takes a vanguard, advances the gold, and attacks hard."
森下卓先生が考えた矢倉の指し方で、相手の急戦をうまく受け流してじっくり組み上げるのが特徴。「急がば回れ」って感じの作戦だね。,"A Yagura style devised by Taku Morishita, characterized by calmly parrying the opponent's quick attacks and building up patiently. It feels like taking the long route because it is the sure route."
相手が矢倉に組もうとしているところに飛車を中央に持っていって中央突破を狙う戦法。矢倉の弱点である中央を直接攻めちゃう作戦だよ。,A strategy that moves the rook to the center and aims for a central breakthrough while the opponent tries to build Yagura. It directly attacks Yagura's central weakness.
矢倉に組んでから棒銀で一直線に攻める、わかりやすくて力強い戦法!銀の突進力で相手の矢倉をこじ開けるんだ。,A clear and powerful strategy that builds Yagura and then attacks straight ahead with Climbing Silver. The silver's charging power pries open the opponent's Yagura.
「やばボーズ」さんが考案した角交換四間飛車の一種。方針が明確で初中級者にも扱いやすいのが特徴で、勝率がとっても高いんだって!,"A type of Bishop Exchange Fourth File Rook devised by Yaba Bozu. Its plan is clear and easy for beginner and intermediate players to handle, with a very high win rate."
山田道美先生が大山康晴先生の四間飛車を倒すために研究した対四間飛車急戦の基本定跡。左の銀を使って攻めるっていう発想が当時は画期的だったんだ。,A basic anti-Fourth File Rook quick-attack joseki researched by Michiyoshi Yamada to defeat Yasuharu Oyama's Fourth File Rook. Using the left silver to attack was a revolutionary idea at the time.
佐々木勇気先生が考えた横歩取りの攻撃的な指し方。飛車を引かずに桂馬を活用してガンガン攻めていく!升田幸三賞を受賞した本格派の戦法だよ。,"An aggressive Side Pawn Picker style devised by Yuki Sasaki. Without pulling the rook back, it uses the knight and attacks hard. It is a serious strategy that won the Masuda Award."
一度振った飛車をもとの位置に戻して居飛車に戻る戦法。振り飛車と見せかけてUターンするから、相手の陣形構築の計算を狂わせちゃうよ。,"A strategy that returns the rook to its original square after first swinging it, going back to Static Rook. By pretending to be Ranging Rook and making a U-turn, it disrupts the opponent's formation plans."
銀がふわふわと前線に出てくる様子がUFOみたいだからこの名前なんだって。相掛かりで相手の駒組みを制約する作戦なんだけど、名前がなんだかかわいいよね、えへへ。,"The silver floating out to the front looks like a UFO, which is where the name comes from. It restricts the opponent's development in Double Wing Attack, and the name is cute."
居飛車っぽい出だしから、途中でサッと飛車を振って相手をびっくりさせる作戦!「陽動」っていうのは、相手の注意をそらすっていう意味だよ。,"A strategy that starts like Static Rook, then suddenly swings the rook and surprises the opponent. Feint means drawing the opponent's attention away."
大橋貴洸先生が考えた新しい四間飛車で、穴熊に「囲わせてから端で倒す」のが狙い。藤井システムとは逆の発想で升田幸三賞を受賞した、四間飛車の新しい形だよ!,"A new Fourth File Rook devised by Takahiro Ohashi, aiming to let the opponent build Anaguma and then beat it at the edge. It is the reverse idea of the Fujii System and won the Masuda Award."
飛車で横の歩を取りに行く、一歩得をめぐる戦型!序盤から激しい攻め合いになることが多くて、プロでも研究がどんどん進んでいる最先端の将棋だよ。,"A Side Pawn Picker opening where the rook takes a side pawn and both sides fight over a pawn gain. The opening often becomes sharp, and professional research keeps advancing at the cutting edge."
米長邦雄先生が得意にしていた矢倉への急戦策。相手がのんびり矢倉を組んでいるところに、素早く仕掛けて主導権を握る作戦だよ。,A quick attack against Yagura favored by Kunio Yonenaga. It strikes quickly and seizes the initiative while the opponent leisurely builds Yagura.
横歩取りからいきなり角を打ち込む奇襲戦法!江戸時代から存在していて、谷川浩司先生が若い頃に連採して36手で勝った記録もあるんだって。すごい!,"A surprise strategy that drops a bishop immediately from Side Pawn Picker. It has existed since the Edo period, and Koji Tanigawa used it repeatedly when young, even recording a win in 36 moves."
対振り飛車で歩をポンと突いて早めに角交換を挑む急戦策。名前の通りスピード重視で、振り飛車側がのんびりしてると一気に攻め込まれちゃうよ。,"A speed-focused anti-Ranging Rook quick attack that pushes a pawn early and challenges bishop exchange. If the Ranging Rook side takes it easy, they can be overrun quickly."
戸辺誠先生が考案した、まず四間に振ってから三間に振り直す戦法。「四から三」で「よんさん」って読むんだよ。途中下車してから本命に向かうみたいでおもしろいよね!,"A strategy devised by Makoto Tobe that first swings to Fourth File Rook and then re-swings to Third File Rook. It is read Yon-San, from four to three, like getting off midway before heading to the real destination."
対振り飛車の急戦策で、左の銀を前線に出して攻める戦法。居飛車の基本的な仕掛けのひとつで、いろんな変化があって奥が深いよ。,"An anti-Ranging Rook quick attack that sends the left silver to the front. It is one of Static Rook's basic attacking plans, with many deep variations."
右の銀を前線に出して対振り飛車に仕掛ける急戦策。左急戦との違いがちょっとわかりにくいけど、銀の出る方向が違うと攻めの形も変わるんだよ。,"An anti-Ranging Rook quick attack that sends the right silver to the front. The difference from Left Quick Attack can be subtle, but changing the silver's path changes the attacking shape."
正式名称は「白色レグホーン・スペシャル」!東大将棋部で開発された角交換四間飛車穴熊で、穴熊に固めてからとにかく攻める「トリ攻め」のスタイルを、採卵用鶏の品種「白色レグホーン」にかけたのが名前の由来なんだって。,"Officially called White Leghorn Special. It is a Bishop Exchange Fourth File Rook Anaguma developed by the University of Tokyo Shogi Club, combining Anaguma castling with all-out bird attack, named after the White Leghorn chicken breed."
脇謙二先生が考案した、お互いが同じ形の矢倉に組む同型戦法。まるで鏡みたいな盤面から、先に仕掛けたほうがちょっと得するっていう駆け引きがおもしろいよ!,"A same-shape Yagura strategy devised by Kenji Waki, where both sides build matching Yagura formations. From the mirror-like board, the player who attacks first gains a slight edge, making the timing battle interesting."
飛車を初期位置のまま使って戦う、将棋の基本スタイルのひとつ!振り飛車と対になる大きな分類で、飛車側の攻めと玉側の守りを分担するバランス型の戦い方だよ。,"One of shogi's basic styles, fighting with the rook on its starting square. It is a major category paired with Ranging Rook, balancing attack on the rook side with defense around the king."
後手番ならではの独自の駒組みや作戦のこと。先手の出方を見てから方針を決められるのが後手の強みで、カウンター狙いの戦い方ができるよ!,"Unique piece development and plans specific to playing White. White's strength is deciding a plan after seeing Black's setup, making counterattacking play possible."
飛車を左側に移動させて戦う、攻守一体のスタイル!居飛車とは全く違う世界が広がっていて、美濃囲いとの相性がバツグンだよ。振り飛車党にはたまらないよね!,"An attack-defense style that moves the rook to the left side. It opens a world completely different from Static Rook and pairs perfectly with Mino Castle, making it irresistible for Ranging Rook players."
一間飛車に穴熊を組み合わせた型。端の飛車で攻めつつ穴熊で堅く守る、一間飛車の代表的な組み合わせだよ。,"A form combining First File Rook with Anaguma. It attacks with the edge rook while defending solidly with Anaguma, making it a representative First File Rook setup."
金銀を左右対称に配置して、まるでアヒルが歩いているような可愛い陣形を作る戦法!見た目は面白いけど、打ち込みの隙が少なくて意外と手強いんだよ。,"A strategy that places golds and silvers symmetrically, creating a cute formation like a duck walking. It looks funny, but has few weaknesses to piece drops and is surprisingly tough."
八雲 龍玄,Yakumo Ryugen
華京 マツリ,Kakyo Matsuri
やくも りゅうげん,Yakumo Ryugen
杉田 智和,Tomokazu Sugita
72歳,72 years old
10月2日,October 2
"将棋界にその名を刻んだ伝説的な棋士。
現在は表舞台を退き、静かに暮らしているが、その思想と棋風は今も多くの棋士に影響を与えている。
孫娘・八雲 龍菜を厳しくも愛情深く育て、将棋の基礎を叩き込んだ人物。","A legendary player whose name is carved into shogi history.
He has stepped away from the public stage and now lives quietly, but his philosophy and style still influence many players.
He raised his granddaughter Yakumo Takina with strict but deep affection, drilling the fundamentals of shogi into her."
かきょう まつり,Kakyo Matsuri
釘宮 理恵,Rie Kugimiya
8月7日,August 7
"黒羽エレナが経営する将棋カフェの店員。
自信家で負けず嫌い、口は悪いが面倒見が良い。
努力型で、「勝つ」ことに強いこだわりを持つ。
小〜中ずっと同じクラスだった猫宮さくらとは昔から接戦が多く、さくらをライバル視している。
今も何かと理由をつけてさくらに勝負を仕掛けている。","A staff member at the shogi cafe run by Kurobane Elena.
Confident and fiercely competitive, she has a sharp tongue but looks after others well.
She is the hardworking type and is deeply fixated on winning.
She was in the same class as Nekomiya Sakura from elementary through middle school, and their games have always been close, so she sees Sakura as her rival.
Even now, she finds any excuse she can to challenge Sakura."
アイコン「華京マツリ」,Icon: Kakyo Matsuri
アイコン「八雲龍玄」,Icon: Yakumo Ryugen
天龍の駒,Heavenly Dragon Pieces
橙華の駒,Orange Blossom Pieces
橙華の盤面,Orange Blossom Board
天龍の盤面,Heavenly Dragon Board
橙華-本章,Orange Blossom: Main
橙華-終章,Orange Blossom: Finale
天龍-本章,Heavenly Dragon: Main
天龍-終章,Heavenly Dragon: Finale
龍の覇気を宿した老師。宿舎で設定することでアイコンを変更できる。,An old master imbued with a dragon's commanding aura. Set it in Lodging to change your icon.
祭囃子が似合う橙の少女。宿舎で設定することでアイコンを変更できる。,An orange-clad girl who belongs amid festival music. Set it in Lodging to change your icon.
龍の力強さを感じさせる盤面。宿舎で設定することで将棋盤を変更できる。,A board that conveys a dragon's strength. Set it in Lodging to change your board.
祭りの熱気が立ち上る盤面。宿舎で設定することで将棋盤を変更できる。,A board rising with the heat of a festival. Set it in Lodging to change your board.
太古の龍の胎動。宿舎で設定することでBGMを変更できる。,The pulse of an ancient dragon. Set it in Lodging to change your BGM.
天を裂く咆哮。宿舎で設定することでBGMを変更できる。,A roar that tears the heavens. Set it in Lodging to change your BGM.
咲きはじめる宴の華。宿舎で設定することでBGMを変更できる。,A banquet flower beginning to bloom. Set it in Lodging to change your BGM.
宴は最高潮へ。宿舎で設定することでBGMを変更できる。,The banquet reaches its peak. Set it in Lodging to change your BGM.
天をも統べる力を秘めた駒。宿舎で設定することで駒を変更できる。,Pieces holding the power to rule even the heavens. Set them in Lodging to change your pieces.
燃えるような橙の彩りが映える駒。宿舎で設定することで駒を変更できる。,Pieces bright with blazing orange color. Set them in Lodging to change your pieces.
9月18日,September 18
片美濃囲い(2),Half Mino (2)
【常夏の陽光】猫宮 さくら,[Everlasting Summer Sun] Nekomiya Sakura
【常夏の陽光】猫宮さくらのリザルトボイス。,Results voice for [Everlasting Summer Sun] Nekomiya Sakura.
【常夏の陽光】猫宮さくらの技有ボイス。,Great Move voice for [Everlasting Summer Sun] Nekomiya Sakura.
【常夏の陽光】猫宮さくらの秒読みボイス。,Byoyomi voice for [Everlasting Summer Sun] Nekomiya Sakura.
アイコン「【常夏の陽光】猫宮さくら」,Icon: [Everlasting Summer Sun] Nekomiya Sakura
エモート1 挨拶,Emote 1: Greeting
エモート2 賞賛,Emote 2: Praise
エモート3 納得,Emote 3: Agreement
エモート4 迷い,Emote 4: Unsure
エモート5 謝罪,Emote 5: Apology
エモート6 困惑,Emote 6: Confused
エモート7 決め台詞,Emote 7: Catchphrase
デフォルトのリザルトボイス。,Default results voice.
デフォルトの技有ボイス。,Default Great Move voice.
デフォルトの秒読みボイス。,Default byoyomi voice.
"ユキと一緒に海でバカンスタイム！
青空の下、お気に入りの水着を着て、浜辺を駆け回っておおはしゃぎ！
ビーチバレーに海水浴、彼女の夏は止まらない！","Vacation time at the beach with Yuki!
Under the blue sky, she puts on her favorite swimsuit and races excitedly along the shore!
From beach volleyball to swimming, her summer fun never stops!"
リザルト「【常夏の陽光】猫宮さくら」,Results: [Everlasting Summer Sun] Nekomiya Sakura
南国の花と緑が広がる盤面。宿舎で設定することで将棋盤を変更できる。,A board covered in tropical flowers and greenery. Set it in Lodging to change your board.
夏の熱気が弾け、鮮やかな光が最高潮へ。宿舎で設定することでBGMを変更できる。,Summer heat bursts as vivid light reaches its peak. Set it in Lodging to change your BGM.
"実業家であり、「カフェ 棋桜」のスポンサー。
金を出す理由は単純で、「面白そうだから」。
難しい理屈や計算よりも、その場の空気、盛り上がり、将来""デカくなりそうな匂い""を重視する。","An entrepreneur and sponsor of Cafe KIOU.
His reason for investing is simple: it looks interesting.
Rather than complicated theories and calculations, he values the atmosphere, excitement, and the sense that something could become huge."
常夏の花々が、眼い陽射しの中で咲き誇る。宿舎で設定することでBGMを変更できる。,Everlasting-summer flowers bloom beneath dazzling sunlight. Set it in Lodging to change your BGM.
花よりも眩しい、夏の少女。宿舎で設定することでアイコンを変更できる。,A summer girl more radiant than flowers. Set it in Lodging to change your icon.
常夏の花々が、眩い陽射しの中で咲き誇る。宿舎で設定することでBGMを変更できる。,Everlasting-summer flowers bloom beneath dazzling sunlight. Set it in Lodging to change your BGM.
常夏の花に彩られた駒。宿舎で設定することで駒を変更できる。,Pieces decorated with everlasting-summer flowers. Set them in Lodging to change your pieces.
常夏の陽光,Everlasting Summer Sun
常夏の陽光〈極〉,Everlasting Summer Sun <Ultimate>
技有「【常夏の陽光】猫宮さくら」,Great Move: [Everlasting Summer Sun] Nekomiya Sakura
"異常な終盤力を持つ天才少女。
「カフェ 棋桜」には、紅茶とスイーツ目当てで、ほぼ毎日現れる。
古めかしい言葉づかいで相手をからかいながら、自由な感性と鋭い直感で盤上を支配する。
勝てばドヤ顔、負ければ少しだけ不機嫌。
でも次の日には何事もなかったかのように現れる。","A brilliant girl with extraordinary endgame strength.
She appears at Cafe KIOU almost every day for its tea and sweets.
She teases opponents with old-fashioned speech while ruling the board through free-spirited creativity and sharp intuition.
She looks smug when she wins and gets just a little grumpy when she loses.
The next day, however, she returns as if nothing happened."
秒読み「【常夏の陽光】猫宮さくら」,Byoyomi: [Everlasting Summer Sun] Nekomiya Sakura
色鮮やかな花々に彩られた特別な盤面。宿舎で設定することで将棋盤を変更できる。,A special board decorated with colorful flowers. Set it in Lodging to change your board.
色鮮やかな花々に彩られた特別な駒。宿舎で設定することで駒を変更できる。,Special pieces decorated with colorful flowers. Set them in Lodging to change your pieces.
花よりも眼しい、夏の少女。宿舎で設定することでアイコンを変更できる。,A summer girl brighter than the flowers. Set her in Lodging to change your icon.
陽光-本章,Sunlight - Main Chapter
陽光-終章,Sunlight - Final Chapter
陽光の盤,Sunlight Board
陽光の盤〈極〉,Sunlight Board <Ultimate>
陽光の駒,Sunlight Pieces
陽光の駒〈極〉,Sunlight Pieces <Ultimate>
３二飛戦法,3b Rook Strategy
常夏の涼風,Everlasting Summer Breeze
常夏の涼風〈極〉,Everlasting Summer Breeze <Ultimate>
【常夏の涼風】氷室 ユキ,[Everlasting Summer Breeze] Himuro Yuki
"夏季休暇を使い、さくらと一緒にバカンスへ。
さざ波をBGMに、お気に入りのジュースと読書でリラックス。
さくらといつでも対局できるように愛用の将棋セットは忘れない。
海ではしゃぐさくらを見守りながら、パラソル下の特等席で至福のひとときを満喫中。","Using her summer vacation for a getaway with Sakura.
She relaxes with her favorite juice and a book while the gentle waves provide the soundtrack.
She made sure to bring her favorite shogi set so she can play Sakura whenever she likes.
Watching Sakura frolic in the sea, she enjoys a blissful moment from her prime seat beneath the beach umbrella."
アイコン「【常夏の涼風】氷室ユキ」,Icon: [Everlasting Summer Breeze] Himuro Yuki
真夏でも涼しげな眼差し。宿舎で設定することでアイコンを変更できる。,A cool gaze even at midsummer. Set it in Lodging to change your icon.
涼風の盤,Breeze Board
揺れる水面に影が泳ぐ盤面。宿舎で設定することで将棋盤を変更できる。,A board where shadows swim across the rippling water. Set it in Lodging to change your board.
涼風の盤〈極〉,Breeze Board <Ultimate>
どこか懐かしい海の色が広がる特別な盤面。宿舎で設定することで将棋盤を変更できる。,A special board filled with the somehow nostalgic colors of the sea. Set it in Lodging to change your board.
涼風-本章,Breeze - Main Chapter
揺れる水面を、涼やかな潮風が渡っていく。宿舎で設定することでBGMを変更できる。,A refreshing sea breeze crosses the rippling water. Set it in Lodging to change your BGM.
涼風-終章,Breeze - Final Chapter
透き通る海の色に、潮騒が高鳴っていく。宿舎で設定することでBGMを変更できる。,The surf swells over the crystal-clear colors of the sea. Set it in Lodging to change your BGM.
涼風の駒,Breeze Pieces
水面のゆらめきを宿した駒。宿舎で設定することで駒を変更できる。,Pieces carrying the shimmer of the water. Set them in Lodging to change your pieces.
涼風の駒〈極〉,Breeze Pieces <Ultimate>
透き通る海の色を纏った駒。宿舎で設定することで駒を変更できる。,Pieces adorned in the crystal-clear colors of the sea. Set them in Lodging to change your pieces.
技有「【常夏の涼風】氷室ユキ」,Great Move: [Everlasting Summer Breeze] Himuro Yuki
【常夏の涼風】氷室ユキの技有ボイス。,Great Move voice for [Everlasting Summer Breeze] Himuro Yuki.
秒読み「【常夏の涼風】氷室ユキ」,Byoyomi: [Everlasting Summer Breeze] Himuro Yuki
【常夏の涼風】氷室ユキの秒読みボイス。,Byoyomi voice for [Everlasting Summer Breeze] Himuro Yuki.
リザルト「【常夏の涼風】氷室ユキ」,Results: [Everlasting Summer Breeze] Himuro Yuki
【常夏の涼風】氷室ユキのリザルトボイス。,Results voice for [Everlasting Summer Breeze] Himuro Yuki.
藍沢 莉緒,Aizawa Rio
あいざわ りお,Aizawa Rio
白城 なお,Shiraki Nao
17歳,17 years old
6月28日,June 28
"もともと優等生で成績も良かったが、親の過度な期待に嫌気がさし反抗心で髪を染めた。
学校には出席日数ギリギリで登校しているが、成績が常に上位なので先生も注意したりしない。
ファッションが好きで服のジャンルを問わずに買うが、最近はストリートカジュアルがマイブーム。
将棋は亡きおじいちゃんとの楽しい思い出で、今も将棋を続けている。","Originally an honor student with excellent grades, she grew tired of her parents' excessive expectations and dyed her hair in rebellion.
She attends school just enough to meet the minimum attendance requirement, but her grades are always near the top, so her teachers leave her alone.
She loves fashion and buys clothes of every style, though street casual is her latest obsession.
Shogi holds fond memories of her late grandfather, and she continues to play today."
通常BGM-本章,Standard BGM - Main Chapter
キャラクターボイス_キャラ2,Character Voice - Character 2
キャラクターボイス_キャラ3,Character Voice - Character 3
キャラクターボイス_キャラ1,Character Voice - Character 1
通常BGM-終章,Standard BGM - Final Chapter
やがて物語は終局へと動き出す。宿舎で設定することでBGMを変更できる。,At last the story begins moving toward its conclusion. Set it in Lodging to change your BGM.
鋭彩の駒,Vivid Edge Pieces
大胆な意匠の中に、繊細なこだわりが光る駒。宿舎で設定することで駒を変更できる。,Pieces whose bold design reveals a keen eye for detail. Set them in Lodging to change your pieces.
鋭彩-本章,Vivid Edge - Main Chapter
研ぎ澄まされたビートが、静かに盤上を駆ける。宿舎で設定することでBGMを変更できる。,A finely honed beat races quietly across the board. Set it in Lodging to change your BGM.
鋭彩-終章,Vivid Edge - Final Chapter
鮮烈なリズムが、揺るがぬ意志を解き放つ。宿舎で設定することでBGMを変更できる。,A striking rhythm unleashes an unwavering will. Set it in Lodging to change your BGM.
鋭彩の盤面,Vivid Edge Board
研ぎ澄まされた感性が、盤上に鋭い軌跡を描く盤面。宿舎で設定することで将棋盤を変更できる。,A board where refined sensibility traces a sharp path across the playing field. Set it in Lodging to change your board.
アイコン「藍沢莉緒」,Icon: Aizawa Rio
鋭い眼差しの奥に隠しきれない気品がにじむ。宿舎で設定することでアイコンを変更できる。,An unmistakable elegance shows behind her piercing gaze. Set it in Lodging to change your icon.
弥代 翠,Yashiro Sui
やしろ すい,Yashiro Sui
古賀 葵,Aoi Koga
11歳,11 years old
5月5日,May 5
"一流の淑女を目指し、バレエやピアノなど様々な習い事に励む努力家。
家同士の付き合いで幼少期から親交がある八雲龍菜を、自身の「理想の淑女像」として深く尊敬している。
誰に対しても丁寧な敬語を崩さず、対局中の姿勢も一切乱れない。
将棋は龍菜から教わっていて、今でも将棋の指導を受けている。
大人の女性に近づくため、毎日牛乳を飲んで背を伸ばそうと頑張っている。","A diligent girl who pursues ballet, piano, and many other lessons in hopes of becoming a first-rate lady.
She deeply admires Yakumo Takina, whom she has known since childhood through their families, as her ideal of a lady.
She speaks politely to everyone and never lets her posture falter, even during a match.
Takina taught her shogi and continues to coach her today.
To grow closer to becoming an adult woman, she drinks milk every day in hopes of getting taller."
碧玉の駒,Jade Pieces
気品ある碧色に金の意匠が映える駒。宿舎で設定することで駒を変更できる。,Pieces whose elegant jade coloring is accented by gold ornamentation. Set them in Lodging to change your pieces.
碧玉-本章,Jade - Main Chapter
可憐な旋律が、憧れを胸に歩む少女を優しく包む。宿舎で設定することでBGMを変更できる。,A lovely melody gently embraces a girl walking onward with admiration in her heart. Set it in Lodging to change your BGM.
碧玉-終章,Jade - Final Chapter
凛とした旋律が、磨かれゆく原石の輝きを解き放つ。宿舎で設定することでBGMを変更できる。,A dignified melody unleashes the brilliance of a gemstone being polished. Set it in Lodging to change your BGM.
碧玉の盤面,Jade Board
白を基調に、碧玉の装飾が優雅に映える盤面。宿舎で設定することで将棋盤を変更できる。,A white board elegantly adorned with jade ornamentation. Set it in Lodging to change your board.
アイコン「弥代 翠」,Icon: Yashiro Sui
あどけなさの中に、凛とした気品がのぞく。宿舎で設定することでアイコンを変更できる。,Dignified grace peeks through her youthful innocence. Set it in Lodging to change your icon.
【月夜の悪戯】西園寺 レイナ,[Moonlit Mischief] Saionji Reina
"「やるからには全力で楽しむわっ！トリック・オア・トリートっ！さあ、お菓子を出しなさいっ！」
ハロウィンイベントに合わせ、小悪魔に大変身！
悪魔の角と羽、装飾があしらわれたドレスを身に纏い、お菓子を求めて彷徨う！！
お菓子を出さないと、「ガオーッ！」とイタズラされてしまうかも？","""If we're doing this, we're going to enjoy it to the fullest! Trick or treat! Now hand over the candy!""
For the Halloween event, she transforms into a little devil!
Dressed in a decorated outfit with demon horns and wings, she wanders in search of sweets!
If you don't give her any, she might roar ""Grr!"" and play a trick on you!"
升田美濃(2),Masuda Mino (2)
並んだ金銀がアヒルの足に見えるので、この名前。金開きとも呼ばれます。低く構えるので、大駒を打ち込まれにくい形です。ただし発展性に乏しく、じっくり組まれると手を作りにくいのです。,"It is named for the way golds, silvers, knights, and pawns spread symmetrically like a duck opening its wings. The low formation gives the rook and bishop few places to drop and aims for smooth piece handling, making it a distinctive strategy with lasting popularity."
馬を囲いの一部に組み込んだ、珍しい形です。金銀だけの守りと違い、馬の長い利きが広い範囲を受け持ちます。名前は警備会社から。現代的な響きですが、中身は実戦から生まれた知恵なのです。,"This unusual castle incorporates a promoted bishop as part of the defense, and has a unique name inspired by a security company. The horse controls a wide area, giving it traits unlike castles made only from golds and silvers. It has a modern name, but it is full of practical wisdom born over the board."
わずか三手で組み上がる、相掛かりの急戦用の囲いです。守りは最低限ですが、そのぶん早く戦いに入れます。玉という果実のまわりに、金銀の種。だから、いちごなのだそうです。,A simple castle where the king barely moves from its starting square and the surrounding golds and silvers stay close to their initial positions. ...Now I want strawberries.
角道を開けないまま、引き角で組み上げる穴熊です。角道を止める歩を突かないので、振り飛車側の角のにらみを遮ったまま組めるのが利点。音無しの構え、という呼び名も、その静かな駒組みにふさわしいですね。,"This formation could be called the ultimate Static Rook Anaguma, using every piece to its fullest. Rook, bishop, golds, and silvers all occupy ideal squares. It is truly silent, a quiet completed form. If you can build it this far, it is already art."
香車のいた隅へ玉が潜る、居飛車の代表的な堅陣です。熊が穴に籠もる姿から、穴熊と呼ばれるのだそうです。振り飛車相手にはとても堅いのですが、組むのに手数がかかります。オーナーの得意な囲いです。,"A representative anti-Ranging Rook castle that places the king deep in the corner. Its hardness is overwhelming, and even some material loss can be overcome through the strength of the castle. Absolute trust in solidity is the source of Anaguma's power."
将棋ソフトelmoの指し方から広まった、対振り飛車の囲いです。左の銀を上がり、玉の真下へ金を寄せた形で、見た目以上に耐久力があるのです。ソフト発の戦法として初めて升田幸三賞を受けた、記念すべき囲いです。,"This castle was named after the computer shogi engine elmo, which used it often against Ranging Rook. It can be built in few moves and has excellent formation balance. It is one of the castles that strongly influenced modern shogi."
玉を右へ寄せ、金と銀で支えるこぢんまりとした囲いです。深く囲う手数を省き、そのぶんを他の駒に回します。同じ読みで、大住囲いと書かれることもあるようです。,A Mino Castle variation with a somewhat unusual gold and silver placement. It is a modest shape that can appear naturally in practical games.
大山康晴十五世名人の名で呼ばれることがある美濃です。玉の横に銀を置き、その上にもう一枚の銀を重ねます。攻めにも使える銀を、二枚とも守りへ回した形。縦に連なる銀が、上からの攻めを受け止める構え。,"This is a Mino Castle shape favored by 15th Lifetime Meijin Yasuharu Oyama, with distinctive piece placement. Oyama disliked Silver Crown and preferred a low structure emphasizing defensive skill. It is a castle packed with the wisdom of a great predecessor."
玉を金一枚と銀一枚だけで守る、美濃囲いの簡素な形です。四、五手で組めるので攻めを急げますし、二枚の囲いではいちばんつり合いがよいとされます。ただし玉のいるマスに利きがなく、王手には弱いという一面もあります。,"The simplest form of Mino Castle, made from only three pieces: king, gold, and silver. It takes almost no moves to build, so it is useful for quick-attacking Ranging Rook. From here, developing into Mino and High Mino is the basic idea."
棋聖と呼ばれた天野宗歩が愛用したことから、天野矢倉とも呼ばれるそうです。金矢倉より一手早く囲えるうえ、角の打ち込みにも強いのが持ち味。早く囲えるぶん、攻めの主導権も握りやすいのです。,"Also called Amano Yagura, this shape shifts the king one file from Gold Yagura. It finishes one move faster than Gold Yagura and is resistant to bishop drops. It is very practical in real games and one of the castles I often use."
金銀三枚を低く並べた、こぢんまりとした囲いです。手数がかからないわりに存外しっかりしていて、居飛車の急戦とよく組み合わせます。江戸時代の定跡書にすでに載っている、由緒ある囲い。,"The most basic Yagura shape, with two golds lined up horizontally. Its name comes from how it resembles crab claws. The basic plan is to develop from here into Gold Yagura."
玉の斜め上に銀、両脇に金を置いた囲いです。角換わりでよく現れ、この形のまま戦うことも、さらに矢倉へ育てることもできます。兜矢倉とも呼ばれる、名前からして心強い構えですね。,"A Yagura-style castle where golds and silvers cover the king like a helmet. It can appear naturally in Bishop Exchange games, and forms a practical structure that is solid against attacks from above."
銀を三段目に置き、金銀をジグザグに連ねる囲いです。上からの攻めに強く、角道を止める組み方なら角を打ち込まれる隙も生まれにくいのです。名前は、雁の群れのように連なる階段「雁木」に由来するそうです。,"A castle that lines up two silvers horizontally to defend the upper area while keeping the bishop diagonal open. It fell out of favor for a while, but AI shogi caused a dramatic reevaluation. The value of castles changes with the times, showing shogi's depth."
玉を最下段まで下げ、そのすぐ上を銀で支える矢倉です。上から攻められても玉まで遠く、跳ねた桂が相手から見て右の桂を使いづらくしています。名前は楠木正成の家紋「菊水」から取られたのだそうですよ。,"Named after the Kikusui crest of Osaka hero Masashige Kusunoki. The king and silver sit differently from standard Yagura, creating a unique placement. It is a tasteful castle worthy of its historic name."
木村義雄十四世名人が香落ちの上手で愛用した、美濃の変形です。片美濃の弱点だったコビンを補いつつ、右の桂を跳ねて攻めにも使えます。平手でも、ツノ銀中飛車や雁木と相性がよいとされる形です。,"A shape favored by first Real-Strength Meijin Yoshio Kimura, placing the silver high in the middle ranks. The flexible silver can be used for both attack and defense. It is a balanced castle worthy of a Meijin."
銀冠の銀の位置に、金が入った形です。金は銀と違って横にも利きます。その代わり、銀のように斜め後ろへは引けません。相掛かりでは、角の上に金を据える8七金型が好形とされるそうですよ。,"A shape where gold takes the crown square instead of the Silver Crown silver. The gold's defensive power makes the upper area very solid, but using gold up high can thin the defense elsewhere."
玉の横に金、そのすぐ下にもう一枚の金を重ね、左の銀は前へ出した囲いです。金は斜め前にも利くので、縦に二枚並ぶと、上の金の右隣の地点には二枚ともが利きます。縦に重なる二枚の金が、どこか盾のようにも見えますね。,"A castle that places a gold in front like a shield. It uses the gold's defensive power to receive frontal attacks, making it a strong formation exactly as the name suggests."
銀の位置に金を置いた、美濃の変形です。片美濃より上からの攻めに強い形です。その代わり、下段からの攻めには弱くなります。ゴキゲン中飛車の対急戦や相振り飛車で現れる形です。,"A Mino Castle variation where a gold, rather than a silver, handles the upper defense. Gold is more defensive than silver and is strong against king-head attacks, but the side defense can become thinner."
二枚の金を横に並べて玉を守る、相振り飛車の基本の囲いです。手数が少なく急戦に強い一方、玉の隣の銀が逃げ道をふさぐのが弱点。コビンの隙は「ウサギの耳」と呼ばれているのですよ。,A classical Double Ranging Rook castle that lines two golds horizontally. Be careful that the right silver can become a wall silver. The Muso name is said to come from the sight of two golds lined up together.
「将棋の純文学」とも評される矢倉。その代表が、金二枚と銀で玉を守る金矢倉です。上からの攻めに厚いのが持ち味。ただし横からの攻めにはやや弱いので、そこは覚えておいてくださいね。,"Yagura is often called the pure literature of shogi. As those words suggest, it is the most formal Static Rook castle. Its beauty lies in the process of building it one move at a time."
玉の上へ銀を進めた、冠のような囲いです。美濃から高美濃、そして銀冠へと育てるほど上からの攻めに強くなりますが、その代わり横からの攻めには弱くなっていくとされます。組み替えの途中の隙にもご用心を。,"A shape that raises the silver even higher from High Mino Castle, with the silver resembling a crown. Its upper defense improves greatly, and it is considered one of the ideal Ranging Rook forms."
銀冠の形を残したまま、玉だけ隅へ潜らせた穴熊です。穴熊の堅さに銀冠の上部の厚みを重ねた形で、右の銀まで寄せれば、史上最強とも呼ばれたビッグ4になります。冠を残したまま穴にも入るなんて、ずいぶん欲張りですね。,"A castle combining the solidity of Silver Crown with the depth of Anaguma. The Silver Crown shape also reinforces Anaguma's weakness to edge attacks. It takes many moves to complete, but once finished it is extremely reassuring."
普通の矢倉より、銀が一段前へ立った形です。かつては盛んに指されましたが、今はあまり見かけません。上部が厚くなり相手の右桂の跳ね出しも防げる一方、横からの攻めには金矢倉より弱くなりやすいとも言われます。,"A Yagura variation where the left silver stands one rank higher. It is rarely seen today, but you can feel the ingenuity of players from its era."
美濃の左金の位置に、銀を配した形です。左右の銀が連携するのが利点で、そのぶん組むのに手数がかかります。金と違って横へ利きませんから、銀の横腹が狙いどころ。,"A simple Mino Castle built mainly with silvers. It saves moves, so it is chosen in Ranging Rook plans that send the gold into attack and aim for speed."
金矢倉で銀の横に並ぶ金の位置へ、もう一枚の銀を引き付けた形です。銀が下の金にも利きますから、下段からの攻めにも粘れるのが利点。ただし組むのに手数がかかり、攻めの主導権も握りにくいのです。,"A shape that sends one gold from Gold Yagura into attack and uses a silver for defense instead. It often appears naturally when more attacking power is needed. It is not as solid as Gold Yagura, but it adjusts the attack-defense balance toward offense."
玉が中段まで出て、その周囲を金銀で支える形です。壁で守るのではなく、広い逃げ道で寄せをかわし、入玉まで狙えます。ただ動かす駒が多いので、邪魔をされると思うように組めないこともあります。,"A unique castle with the king floating in the middle ranks, sometimes used against Ranging Rook. Literally an aerial castle, it has a fanciful name but is supported by sound theory."
穴熊と似ていますが、玉と香の位置が逆さまの囲いです。香を動かす一手を省けるぶん早く組めます。ただし香が守りにも攻めにも働かないので、端攻めにはかなり弱いのですよ。香が玉を串刺しにしているような、そんな並び。,"A shape similar to Anaguma, but with the king and lance positions reversed. The name comes from how the lance appears to skewer the king. It can be built one move faster than regular Anaguma and avoids the bishop diagonal, but it is weaker to edge attacks."
二段目に金を二枚並べ、その一つ上に銀を置いた囲いです。木村美濃に金を一枚足して、横からの守りを固めた形です。手数のわりに効果が薄いとされ、今ではあまり見かけません。,"Susogatame is Kimura Mino with the gold shifted one file. Its name comes from the two golds lined up horizontally, firming up the base of the castle. It is tenacious against side attacks."
片美濃の玉と金銀を、一路ずつ中央寄りに置いた形です。金銀が中央寄りに来るぶん、中央が厚くなります。ずれ、と言われると失敗のようですが、これできちんと一つの形なのですよ。,"A Mino Castle where the golds and silvers are shifted one file from their normal positions. It is thick in the center and has subtly different traits from standard Mino. A one-file shift can affect the whole position, showing shogi's delicacy."
金銀四枚すべてを守りへ集めた矢倉です。上からの攻めにはとても強い代わりに、攻めに回せる金銀が残りません。組み上がるころには相手が仕掛けの用意を終えていることも。主導権より安全を選ぶ、そういう囲い。,"The firmest Yagura-type shape, committing all four golds and silvers to the castle. The upper defense is ironclad, but the drawback is a shortage of attacking pieces. Knowing when to use it demands good judgment."
美濃の左金を斜め前へ進め、上部を厚くした形です。美濃の弱点だったコビン攻めに強くなり、桂を跳ねて攻めにも使えます。その代わり、横からの攻めには美濃より注意が必要で、桂を跳ねると端はいっそう薄くなります。,"An advanced form of Mino Castle that raises the gold one rank, improving resistance to attacks from above. It often appears as a natural development from Mino depending on the position."
美濃にもう一枚の銀を加え、金銀四枚をひし形に連ねた囲いです。横からの攻めにはとても強い形。ただし玉の頭は薄いままですから、玉頭を攻められると宝石の輝きも曇ってしまいます。,"A four-piece Mino Castle that adds one silver, with the golds and silvers forming a diamond shape. It is very solid both above and from the side, but thinning the attack pieces is unavoidable."
陽動振り飛車で居飛車のふりをした名残に、玉の頭の歩が伸びた美濃です。狙って作る形ではなく、結果としてそうなってしまうもの。加藤治郎名誉九段が、この歩をちょんまげに見立てたのだそうですよ。,"A Mino Castle with a pawn sticking out above it, named because the shape resembles a topknot. It is mainly used with Feint Ranging Rook. The name is cute too."
左美濃の玉を、一段高く構えた形です。相手の角が初めの位置からにらむ斜めの筋から玉を外せるのが利点ですが、玉の頭を守るのが玉自身だけになります。見晴らしのよい天守閣ほど、上からの攻めにはお気を付けて。,"A shape that raises the king one rank from Left Mino. Since the king sits high, the king's head becomes a weakness. As the name suggests, it is a castle built high like a keep."
土居市太郎名誉名人が得意とした矢倉です。金矢倉より一手か二手早く組めるので、相手の仕掛けに間に合わせやすいのが利点。堅さでは劣っても陣形のバランスがよく、角の打ち込みに強いのが持ち味です。,"Compared with Gold Yagura, the gold and silver positions are swapped, making it strong against bishop drops. It is not seen much today, but it has a historic charm."
玉を一段上げ、中央にとどめたまま戦う構えです。堅さはありませんが陣形のつり合いがよく、大駒を打ち込む隙を作らないのが狙い。囲いと言わず「住まい」と呼ぶところが、いかにも中央にどっしり構えた感じですね。,"The simplest formation, fighting with the king held near the center. It uses almost no moves, making it easy to meet quick attacks and maintain balance. It appears in Double Wing Attack and Side Pawn Picker positions."
中原誠十六世名人が広めた、相掛かりや横歩取り向けの囲いです。金を一段目に置くので飛車の打ち込みに強く、玉は左右どちらへも逃げられます。その代わり、上からの攻めには注意が必要です。,"A formation favored by Makoto Nakahara, placing the king in an intermediate position without castling deeply. Its flexibility lets the king escape to either side, and it embodies Nakahara's Natural Style."
舟囲いの金を玉のそばへ寄せて、一段固くした囲いです。玉が箱に収まったように見えるので、この名前。名付け親は加藤治郎名誉九段と言われています。大事に育てられた娘さん、というわけですね。,An advanced Boat Castle where the king looks as if it fits neatly inside a box. The name is rather charming. It is more solid than Boat Castle and practical for supporting quick attacks.
玉を端まで寄せた銀冠です。この形は玉に王手がかかりにくく、終盤の競り合いでものを言います。米長邦雄永世棋聖が愛用したので米長玉とも。ただし端まで来ると、玉の逃げ道は狭くなります。,"A form that moves the king from Keep Mino all the way to the edge, also called Yonenaga King after Kunio Yonenaga, who used it often. Since the king is hard to check, it is powerful in late-game races."
玉を囲う手数を省いて、そのぶんを攻めに回す矢倉です。普通の手順より一手早く囲えるのが利点。ただし玉が二段目を通るぶん、途中で狙われやすくなるという代償もあります。,"A castle that builds Yagura faster by omitting some moves. It values speed, but there is risk if the opponent strikes during construction. Haste makes waste, but with study it can be a strong option."
金矢倉にもう一枚の銀を加え、金銀をひし形に連ねた囲いです。中央が厚くなり、角のにらみにめっぽう強いのが持ち味。しかも加えた銀は、局面によっては攻めにも転じられる一枚。,"A thick Yagura that adds the right silver to Gold Yagura, placing golds and silvers in a diamond. The center defense is very thick and strong against bishop lines. Attacking pieces become thin, but the solidity is real."
振り飛車でおなじみの美濃を、居飛車側が左に組んだ囲いです。横からの攻めに強く、手数と堅さのつり合いがよいのが持ち味。ここから銀冠や穴熊へ育てることもできますが、玉頭は薄いのでご用心を。,A castle where the Static Rook side builds a Mino shape on the left. It is strong against side attacks and useful in slow games against Ranging Rook. Compared with Anaguma it takes fewer moves and balances more easily with attack.
銀冠穴熊に右の銀まで寄せ、金銀四枚で固めた穴熊です。主に対抗形で、居飛車側に現れる囲いです。堅さは折り紙付きですが、守りに四枚を割くぶん、攻めに残る駒は少なくなるのです。,"The final form of Static Rook Anaguma, fortified with all four golds and silvers. It is strong even against edge attacks and has almost no castle weaknesses. However, using four pieces for defense leaves the attack badly short. Perfect defense has a high price."
対振り飛車の基本となる、少ない手数で組める囲いです。ここから急戦に出るも、左美濃や穴熊へ育てるも自由。名前は将棋雑誌の公募で決まったそうです。玉が舟に乗っているように見えるからなのですね。,"The basic anti-Ranging Rook castle, with the king, golds, and silvers lined up like a boat. It takes few moves and forms the base for quick attacks. It is simple, but can develop into many other castles."
振り飛車側が香を上げ、玉を隅へ潜らせる穴熊です。駒が密集しているので王手がかかりにくく、じっくり構えて戦えます。美濃より手間はかかりますが、そのぶん陣形は堅くなります。,"An Anaguma castle used by the Ranging Rook side. The king moves deep into the corner and is protected by layers of golds and silvers. It is considered harder to build than Static Rook Anaguma, but its solidity is unquestioned."
高美濃に、もう一枚の銀を加えて金銀四枚にした囲いです。高美濃でやや弱くなるとされる横からの攻めを、加えた銀が補っています。ダイヤとプラチナ、どちらが上なのかは……悩ましいところですね。,"An advanced High Mino Castle with a beautiful silver placement different from the usual shape. With platinum in the name, its refined balance is the defining feature."
玉の頭の歩が無くなった美濃です。ちょんまげ美濃の、ちょんまげが取れた形と言えば分かりやすいでしょうか。玉頭がとても薄いので、持ち歩があれば打ち直して元の片美濃に戻すこともあります。,"A Mino Castle shape without the pawn above the king, appearing naturally in Twisting Rook and Bishop Exchange games. Since the pawn is missing, the king's head is thin and needs care. The Bozu name refers to the pawnless state."
将棋ソフトBonanzaが好んで用いたことから名が付いた囲いです。左の銀がよい位置にいるので角を使った攻めに強いのが長所。ただし玉の左斜め上の地点は玉だけが頼りで、一段目から飛車に攻められるのも苦手です。,Named because the computer shogi engine Bonanza liked to use it. It reflects a rational idea: save moves and use them for attack. It is an AI-born castle that overturned human common sense.
升田幸三実力制第四代名人の名が付いた左美濃です。玉を8八に入れず7九にとどめるので、角を8八に置いたままでも囲えます。上からの攻めに対して、玉が遠いのも利点です。,"A Left Mino variation named after Kozo Masuda, used against Yagura. It prevents a breakthrough on the fifth file while accounting for the bishop line. It is packed with Masuda-like ingenuity, fitting his motto of a lifetime of new moves."
プロの間では、組めたら勝率八割とまで言われる穴熊です。右の銀まで引き付けて、短手数でさらに堅くした形なのですね。守りが厚くなるうえ、角も動かしやすくなります。,"A refined Anaguma that pulls the right silver into the basic Static Rook Anaguma shape, making it firmer in few moves. Its efficiency stands out."
いつもの矢倉を、盤の右側に組んだ囲いです。相振り飛車では上から攻められますから、上部の厚い矢倉が生きます。金無双と違って端へ逃げられるのも利点。その代わり、玉が端に近いので端攻めには注意が必要です。,A shape that places the normal Yagura Castle on the right side. It can be used in Double Ranging Rook and is very strong against attacks from above.
振り飛車でおなじみの、金銀三枚で玉を守る囲いです。横からの攻めに強く、少ない手数で組めるのが長所。ただし上からの攻め、特に玉の斜め上（コビン）を角筋で狙われる攻めには弱いとされています。,"The representative Ranging Rook castle, a beautiful shape protecting the king with three golds and silvers. It is strong against side attacks and builds fairly quickly. With excellent attack-defense balance, it is the fundamental castle for Ranging Rook players."
隅へ潜った玉の上に香、その横に銀を二枚並べた形です。玉の隣には桂が控え、玉のまわりがすっかり駒でふさがっています。美濃と穴熊を合わせて美濃熊、なのだそうです。名前の付け方が率直で好ましいですね。,"A castle combining elements of Mino and Anaguma. It keeps the Mino shape while shifting the king to the edge, taking strengths from both."
藤井システムの角を避けつつ堅く囲いたい、という狙いでした。そんな工夫から生まれた対振り飛車の囲いです。穴熊の9九は相手の角の長い斜めの筋の上ですが、一路内側の8九なら外れます。かまぼこ囲いとも呼ばれますよ。,"A castle devised around 2000 as an answer to the Fujii System, named Millennium after the era. It places the king away from the bishop diagonal and removes a key weakness. It is a crystallization of wisdom born from its time."
覚えたての方が自己流で組むと、自然とこの形になりがちです。名前は、愛用し続ける人への皮肉という説明もあるそうですが、由来ははっきりしません。玉と飛車が近く、逃げ道もふさがりますから、無敵とは正反対なのです。,"A symmetrical shape that fixes two silvers beside the rook and supports them with two golds below. Despite the name, it has practical issues with solidity, and both attack and defense can become half-hearted."
矢倉から玉をさらに隅へ移し、穴熊にした囲いです。矢倉から穴熊へ、引っ越しのような囲いですね。争点から玉が遠くなる一方、相手の攻め駒が上にいるぶん、対抗形の穴熊ほど堅くはありません。,"A castle combining Yagura's solidity with Anaguma's depth. Because the king moves deep into the corner, it can fight from very far away. Edge attacks require great care."
天守閣美濃に銀を加えて、弱点だった玉の頭を補強した形です。四枚で支えますから、天守閣美濃より上からの攻めに強くなります。ただし攻めに回せる駒は減りますから、堅さと引き換えということに。,"A sturdy castle that adds the right silver to Left Mino and defends with all four golds and silvers. The silver reinforces Keep Mino's king-head weakness and gives good balance, though using four pieces for defense thins the attack."
お互いに飛車先の歩を伸ばして戦う、居飛車同士の戦型だよ。昔は定跡が固まっていなくて、激しい戦いになりやすい戦型として知られてきたんだ。飛車を浮かせるか深く引くかで、将棋の顔がガラッと変わるよね！,"A Static Rook battle where both sides exchange the pawns in front of their rooks. The game often becomes sharp from the opening, so the accuracy of every move matters."
相掛かりから、銀を飛車の前へぐいぐい繰り出す作戦だよ。相掛かりでは右の銀の使い方で、棒銀・早繰り銀・腰掛け銀などの形に分かれていくんだ。そのいちばん直球なのがこれなんだ！,An attack plan that uses Climbing Silver from Double Wing Attack. The rook and silver work together to pry open the opponent's camp.
筋違い角で来た相手に、こちらも筋違い角で応じる形だよ。お互いに筋違いの位置へ角を据えて、相手の歩を狙い合う形なんだ。二枚の角がいつもと違う斜めを向いているから、油断できないね！,"A rare fighting shape where both sides drop Wrong Diagonal Bishops. There is almost no established theory, so it becomes a contest of plans and reading."
お互いに飛車を振り合う戦型だよ。相振りは対抗形より玉頭や端が戦場になりやすく、上からの攻めが大事になるんだ。だから囲いも、横に強い美濃だけでなく、上に強い矢倉や金無双がよく使われるんだ。,"A battle where both players use Ranging Rook. It feels completely different from Static Rook versus Ranging Rook, giving it another kind of enjoyment."
後手が角を交換して相手の横歩を取り返し、先手が飛車交換をすれば超急戦になるよ。序盤から大駒が飛び交う、とても激しい将棋。近年は、この飛車交換の形が主流なんだって。,"An extremely sharp strategy where both sides take the side pawns. The opening can explode into chaos immediately, testing courage and deep reading."
横歩を取った飛車を3四に居座らせたまま、桂を使って攻める先手の作戦だよ。3六歩から3七桂と跳ねて、一気に速攻をかけるのが狙いなんだ。プロでは一時、後手が横歩取りを避けるほどだったとも言われるよ！,"A highly aggressive Side Pawn Picker system organized by Teruichi Aono. Instead of pulling the rook back, it jumps the knights and attacks relentlessly. Its destructive power is so great that professional lines have been studied all the way to mate."
角で5筋の歩を交換してから銀を好形に構え、6筋の歩を突いて仕掛ける後手番の急戦矢倉だよ。相手の出方しだいでは、急戦をやめてじっくり戦う道もあるんだ。阿久津主税八段が好成績を挙げたことから、この名前に。,"A quick-attack plan devised by Chikara Akutsu. It places the bishop in the center, pressures Yagura, and attacks with modern speed."
三手目にいきなり角を6六へ上げてから、飛車を8筋へ回す向かい飛車だよ。名前は、この形を指した佐藤天彦九段にちなむそうだよ。その形を、先手番で連採していたんだって。,An Opposing Rook adopted repeatedly by Amahiko Sato after moving away from Static Rook. It steers the opening into original shapes and shows Sato's sense of aesthetics.
初手▲7六歩に△8四歩と飛車先を突かれたところで、角を前へ上げる三手目だよ。ごく早い段階で角を四段目に出す一手で、これが向かい飛車への入り口になるんだ！,"A fresh opening where Amahiko Sato raises the bishop on move three. It pulls the game into an original world from the start, and has even beaten top professionals."
6筋の最下段に飛車、その上に角を置いた四間飛車の形だよ。玉は2八で、隣に金、その横に銀が並び、7七には桂が跳ねているよ。スペシャルって付くと、それだけで強そうに見えるよね！,An original strategy known because shogi YouTuber Ayumu used it. Many people may have seen it in videos.
相掛かりで、角道の歩を突かないまま角を自陣の奥へ引いて使う作戦だよ。攻めの力はあるけれど守りは薄め、という声もあるよ。角を引くのは、角の頭の弱点を消しながら、新しい攻め筋を探すためなんだ。,A strategy where Eiji Iijima adapted his anti-Ranging Rook Pullback Bishop system to Double Wing Attack. It brings the idea of fighting with a pulled-back bishop without opening the bishop diagonal into Static Rook versus Static Rook.
角道の歩を突かず、角を下段へ引いて振り飛車に対抗する戦法だよ。角道を閉じたままだから、相手の角のにらみを軽くして左美濃へ囲えるんだ。推薦の言葉で、二十五年後には角道を突かなくなるかもと言われた発想だそうだよ。,A strategy devised by Eiji Iijima that uses the bishop by pulling it back without opening the bishop diagonal. It is excellent at neutralizing the Ranging Rook side's bishop pressure and won the Masuda Award.
角を初期位置に残したまま左美濃に組んで、矢倉を目指す相手へ早めに仕掛ける作戦だよ。玉の囲いを一目散に左美濃へ進めて、そのまま急戦に持ち込むんだ。矢倉への強力な対策として、矢倉が減った一因とも言われるよ！,"A modern plan that leaves the bishop on its original square, builds Left Mino, then launches a quick attack. The key is that the bishop naturally points into the opponent's camp."
江戸時代の盲人棋士、石田検校が始めたと伝わる三間飛車だよ。飛車を浮かせて桂と角まで働かせる本組みは、理想形の一つとされるんだ。マツリちゃんの石田流は、ほんっとに強いんだ！,"The signature Third File Rook, said to have been created by the blind Edo-period player Ishida Kengyo. It floats the rook and aims for the ideal rook-bishop-knight formation."
角を端の9七へ、桂を7七へ跳ねて組む石田流の完成形だよ。飛車・角・桂がそろって働くから、攻めの形を作りやすいんだ。振り飛車の理想形の一つとされる、攻めに向いた構えだよ！,"The complete Ishida Style formation, avoiding bishop exchange while patiently placing rook, bishop, and knight ideally. Once everything is ready, it attacks all at once."
端の歩を伸ばして、飛車を1筋の中段に据える、珍しくて奇襲的な効果もある戦法だよ。低い陣形から、浮いた飛車を横へ使ってカウンターを狙うんだ。端っこまで行っちゃうのに、これでちゃんと戦えるんだから将棋は奥深いね！,"A rare Ranging Rook that moves the rook to the far edge file. Its appeal is flexibility: attack from the edge, then move the rook to another file if the position demands."
自分から角交換して、あえて一手多く使う作戦だよ。損しているようで、飛車先の歩を伸ばしきらずに済むから、あとでその地点へ桂を跳ねる手が残るんだ。一手を売って選択肢を買う。面白いよね！,"A slightly mysterious strategy that deliberately loses one move to exchange bishops yourself. It looks like a loss, but remains fully viable."
糸谷哲郎九段が体系化したと言われる、対振り飛車の右玉だよ。ゴキゲン中飛車だけでなく、ほかの振り飛車にも使えるんだ。玉自ら中央を守り、飛車は場合によって左辺で相手の玉頭を攻めるんだね！,"Tetsuro Itodani's Right King, a flexible anti-Ranging Rook plan that places the king on the right. It is an original idea typical of Itodani."
7九に角、4九に飛車を置いた、とても低い陣形で戦う戦法だよ。玉は7八に構え、金と銀を並べて、歩は一つも突いていない形なんだ。ひたすら低く構える、ちょっと変わった形だね！,"An ultra-defensive anti-computer strategy that does not push any pawns and covers every square with defending pieces. Breaking through is very hard, and it aims for a locked position that computers dislike."
無理矢理矢倉という別名もある、後手番で矢倉に組む作戦だよ。相手の角換わりや相掛かりの注文を避けて、矢倉将棋に持ち込みたいときに使うんだ。ウソという名前は、昔の低い評価の名残。,"A strategy that starts like Ranging Rook but actually builds Yagura. It got the Uso, or fake, name because the move order differs from normal Yagura."
初手からいきなり銀を上げる奇襲だよ。普通なら守りに使う左の銀を、斜め棒銀として攻めに繰り出すのが狙いなんだ。相手が居飛車でも振り飛車でも指せるのが魅力だけど、玉は薄くなりやすいよ。,"A surprise opening devised by amateur Hiroaki Ureshino, raising the silver immediately. Its appeal is that you can fight at your own pace without memorizing professional theory."
中飛車なのに、中央の歩を突かずに保留する形だよ。当時流行していた玉頭位取りに対抗する工夫で、相手が3筋の歩を突けば飛車を3筋へ回して狙えると考案者は語っているんだ。英ちゃんは、考案した山口英夫八段の愛称。,"A Central Rook by Hideo Yamaguchi, nicknamed Ei-chan, that deliberately does not push the central pawn. Its idea that moves which can wait should wait was ahead of its time."
玉の下に金を寄せてコンパクトに固めて、玉が堅いのが持ち味の対振り飛車の急戦だよ。相手の出方に応じて仕掛け方を選べるんだ。登場したころは定跡も整備されておらず、これから進化していくとみられていたよ。,"A quick-attack plan named because the computer shogi engine elmo used it often against Ranging Rook. This software-born system helped elmo Castle win the Masuda Award. The simple castle is surprisingly solid, and its use against both Fourth File and Third File Rook was revolutionary."
桂を早々と跳ねて一気に攻めかかる奇襲だよ。分かりやすい破壊力から縁台将棋で流行したんだ。名前は、昔の将棋の本の売り文句「この戦法を使えば鬼も逃げ出す、鬼も倒せる」から来ているんだって！,A surprise strategy that jumps the knight high right away. It spread in the Taisho era with the slogan that it could defeat even demons. It became hugely popular in casual bench shogi.
角道を止めずに向かい飛車へ振り、相手から角交換されると鬼殺しに似た変化になる戦法だよ。『島ノート』という棋書にも登場する戦法なんだ。ちょっと変わった向かい飛車だね！,"A strategy devised by Akira Shima that swings to Opposing Rook without closing the bishop diagonal. Among Demon Killer systems, it is said to be the only one that does not become worse even if the opponent responds correctly."
序盤で角を交換してから戦う、居飛車の基本戦型だよ。先手が攻め、後手がカウンターを狙うのが大きな構図。千日手で指し直しになると先後が入れ替わって、後手が先手番を持てるから、後手は千日手でも成功なんだ。,"A basic Static Rook opening where both sides exchange bishops before fighting. Where to drop the bishop in hand often decides the game, making it thrilling because one mistake can be fatal."
角換わりで、中央の歩の上に銀を構える形だよ。名前は、歩の上に銀が腰掛けて見えることから。銀を真ん中に据えたら右の桂も跳ねて、攻めを組み立てていくんだ。角換わりの代表的な形で、採用率が高いとされるよ！,"A classic Static Rook strategy from Bishop Exchange, placing the silver around the center. The silver looks as if it is sitting down, which is where the name Reclining Silver comes from."
角換わりから、銀を飛車先へまっすぐ繰り出す作戦だよ。分かりやすくて破壊力もあるけれど、持ち駒の角を5四へ打つ受けが対策になるんだ。対策が行き渡って、プロではあまり見かけなくなったんだ。,A simple and powerful strategy that attacks straight ahead with Climbing Silver from Bishop Exchange. The key is where to drop the bishop gained from the exchange.
角を交換した将棋で、玉を飛車と同じ右側へ構える作戦だよ。この右玉は、アマチュアの間に愛好者が大勢いるそうだよ。自分から攻めるより、相手の攻めを受けてから反撃するのが持ち味だよ。,A Bishop Exchange strategy that places the king on the right and softly parries the opponent's attack. It is a mature counterattacking style.
角道を止めないまま戦う振り飛車だよ。角交換で相手の駒組みを縛り、飛車先を逆襲する攻め筋が代表的なんだ。普通の振り飛車より自分から動きやすいんだ。角を交換したぶん、持ち角の打ち込みには気を配ろうね！,A strategy that exchanges bishops and then swings the rook. The freedom and mind games over where to drop the bishop in hand are what make it fun.
序盤早々に角の頭の歩を突く、奇襲戦法だよ。角頭の歩を突いた最初の対局は左香落戦で、負けたのに「古今第一の奇手」と絶賛されたんだって。後手番では、角交換振り飛車のような形に組む新しい指し方も現れたよ！,"A bold strategy that pushes the pawn above the bishop, normally considered a weakness. Sankichi Sakata played it, and it was praised as the greatest strange move of all time."
角道を閉じずに構える四間飛車だよ。7六歩を突いた角道は開けたまま、飛車を6筋に振る形なんだ。飛車を振っても角が睨みを利かせている、攻めっ気のある形だね！,"A modern way to play Fourth File Rook while leaving the bishop diagonal open. Normally the diagonal is closed, but keeping it open expands attacking possibilities."
飛車を下段に引いて、左右へクルクル回しながら、相手の攻めを受けて反撃する作戦だよ。まさに風車みたいだね！居飛車穴熊への対策として、伊藤果八段が考案したと言われているよ。,"An ultra-long-game strategy devised by Hatasu Ito, rotating the rook left and right along the lower rank to parry the opponent's attacks. Its spirit of not fighting and not attacking is truly unique."
ツノ銀中飛車に対して、飛車を袖へ寄せて戦う作戦だよ。加藤一二三名誉十段が用い、ツノ銀中飛車対策の主流だった形なんだ。いまは穴熊に押されて相手のツノ銀中飛車が減り、あまり見かけなくなったけれどね。,"Hifumi Kato's Sleeve Rook, a quick attack against Horned Silver Central Rook. It has the powerful attacking flavor typical of Hifumin."
居飛車穴熊に潜ろうとする相手へ、三間飛車の銀を前へ進めて圧力をかける作戦だよ。5六の腰掛け銀から揺さぶって、速攻をねらうんだ。トマホークと同じ、対穴熊の仲間なんだね！,"A Third File Rook anti-Anaguma strategy, abbreviated Kanashisu. It sends the silver to the front and fights Anaguma with a numerical attack."
三手目にいきなり角を上げる奇襲だよ。この角は相手の角と向き合っていて、角交換もできる形なんだ。定跡から外れた力戦に持ち込む奇襲なんだ。意表を突く発想だね！,"A surprise fighting strategy shown by Takashi Kanazawa in an Oi qualifier, raising the bishop on move three. It can be seen as a predecessor to the Amahiko Style."
後手番で指される形で、先手番で主に使うカニカニ銀とは別物だよ。定跡より自分で構想を考えたい人にオススメなんだって。自由度が高くて、いろいろな指し方ができるのが魅力。似た名前で中身は別物なんて、面白いなあ。,"A strategy for White by Koichi Kodama, famous for Crab-Crab Silver. This time it uses a gold rather than a silver for attack, creating an extremely aggressive plan."
玉を囲わないまま、飛車・角・二枚の銀・桂の五枚で中央突破を狙う戦法だよ。名前は、二枚の銀をカニのハサミに見立てたから、とも言われるんだ。横歩きはしないみたいだね！,"An all-out attacking strategy devised by Koichi Kodama that sends two silvers into the center like crab claws. Since it attacks at full power while the king stays uncastled, landing the attack feels excellent."
先手番では右銀を中央へ出すのが基本の、「19手定跡」の名でも知られる総合戦法だよ。後手番では△6二銀から角道を開けずに組むんだ。考案者は禅の修行をきっかけに、この一本で戦える形を求めたと語っているんだって！,"A comprehensive strategy devised by former Shoreikai 3-dan Eishun Suzuki. Its basic form is completed in 19 moves, hence the nickname Deadly 19-Move Joseki. It is a remarkable strategy that helped him win the Amateur Osho repeatedly."
かまいたち戦法と同じ英春流の総合戦法だよ。後手番では、かまいたち戦法と同じく2手目に△6二銀と上がるんだ。私もカメレオンみたいに、相手に合わせて自在に戦えるようになりたいな！,"A comprehensive strategy devised by Eishun Suzuki that responds freely after seeing the opponent's setup. Like a chameleon changing form, it leaves the opponent unsure what is coming."
相手の3手目からの早石田（石田流）への対策として考えられた戦法なんだって。将棋世界の講座でも新戦法として紹介されたんだって。カリスマにウィルス。名前だけでただ事じゃないよね！,"A strategy developed as an answer to Black's Ishida Style, leading to a Double Ranging Rook Wrong Diagonal Bishop shape. It has a rather unusual name."
角を右下の2八まで回して、右側から斜めの利きを飛ばす形だよ。左に飛車、右に角と、大駒が盤の左右に分かれて並ぶんだ。角の置き場所が目を引く、ちょっと不思議な形だね。,"An aggressive strategic system that actively uses the bishop. It has many variations from old to new forms, and the research runs deep."
相手の石田流に対抗するために、金を中央へずんずん進める作戦だよ。この金で盤面の中央を制圧するのが狙いなんだ。読みは「きもきもきん」で合ってるのかな…？,"Read as Kimokimo-Kin. This anti-Ishida Style strategy keeps advancing defensive golds to the front, producing a rather strange-looking shape. It came from Niconico Live. True to the name, the gold movement is certainly unusual... wait, what?"
先手の勝ちまで研究が終わり、完成された定跡とも言われる角換わりだよ。お互い玉を深く囲って先手が仕掛けると、先手の勝ちがほぼ決まる。木村義雄十四世名人が、名人位を失ったあとに自分でも研究して考え出したんだって！,"A legendary Bishop Exchange Reclining Silver joseki completed by first Real-Strength Meijin Yoshio Kimura. It was analyzed as a completed joseki all the way to a win for Black, and is known as a treasure house of tactics."
飛車を左端の9筋まで振る作戦だよ。9筋に香と飛車を縦に重ねて端を攻めたり、浮いた飛車を7筋へ回したりするんだ。端に飛車を置く形は、なかなか個性的だね！,"A very rare strategy that swings the rook to the ninth file, the opposite side from First File Rook. The pieces can become inefficient, so timing is difficult, but it definitely surprises the opponent."
振り飛車の銀を前へ進めて、相手の玉の頭を直接狙う指し方だよ。狙いが決まらなくても、3四の歩が無い舟囲いは非常に薄くなるから、実戦的に有効なんだ。3四まで出た銀に、飛車や桂・香を連動させて攻める指し方もあるよ！,"A strategy that sends a silver toward the opponent king's head. It turns the area one normally defends into the starting point of attack, making it a rather bold plan."
相手の玉の頭に位を取って、上から押さえ込む作戦だよ。うまく組み上がれば、位を取られた側は右桂の活用に制約が出ることもあるんだ。一時はよく指されたけど、居飛車穴熊の優秀さが分かって出番が減ったと言われるよ。,"A strategy that advances a pawn to the fifth rank near the king's head to take a vanguard position. Its suppressive power is high, but maintaining the vanguard is difficult, so it may be for advanced players."
相掛かりで、銀を5六ではなく3六へ繰り出す作戦だよ。猪突銀戦法とも呼ばれるそうだよ。飛車と銀の動きを、鎖鎌に見立てた名前なんだって。鎖と鎌、なんだか強そうだね！,"A Double Wing Attack strategy that sends the silver forward. Jiro Kato's naming, comparing the rook to a sickle and the silver to a weight, is stylish. It is also called Boar-Rushing Silver."
居飛車穴熊への対策として使われる石田流だよ。美濃に組みながら、角を3七へ回してから、7四歩で相手の飛車のコビンを狙うんだ。9一へ角成りして、玉を1八へ寄せてから馬を2八へ引き、守りを固める狙いもあるよ。,"A dedicated Anaguma-killing plan devised by strong amateur Seiji Kusumoto. It uses the bishop to aim at the rook's diagonal weak point while building an iron defense. It takes as many moves as Anaguma, so patience is essential."
銀を上げてから飛車を振る、ちょっと変わった陽動振り飛車だよ。手損しているようで、そのぶん銀冠へ隙なく組めるんだ。とある会社の社長さんにちなんだ戦法なんだって。えへへ、将棋って自由だね！,"An unusual feint Ranging Rook strategy where you advance the Silver before swinging the Rook. It may seem to lose a tempo, but in return you can build a Silver Crown without leaving any gaps. The strategy is apparently named after a company president. Hehe, shogi gives you so much freedom!"
飛車を5筋に据え、中央の歩と銀を進めて、まっすぐ中央突破を狙う中飛車だよ。玉はあまり囲わず、居玉のまま戦うことが多いんだ。思い切りのよさが伝わってくる、勢いのある形だね！,"A simple Central Rook that moves the rook to the center and aims straight for a central breakthrough. Since it attacks directly without worrying about details, it is recommended even for new shogi players."
飛車を追い越すように、銀を棒のようにまっすぐ繰り出す攻めだよ。狙いは飛車先の突破。昔は馬鹿銀とも呼ばれたらしく、江戸時代の定跡書をもとにした本にも出てくるんだ！,One of the fundamentals of shogi attack. The silver advances straight ahead and works with the rook to break through the opponent's camp. It is a strategy everyone should try after learning shogi.
4八の玉の前に4七の金、3八に銀を置いて守る右玉だよ。飛車は右の2九に構えていて、金銀が玉のそばに集まっているよ。組み上がった形は見た目もきれいだね！,"A Right King system against Central Rook organized by YouTuber Koinagi. Unlike normal Right King, the gold and silver placement is reversed, and the plan is to defend first and counterattack."
中央の歩の上へ、銀ではなく金を進めた形だよ。5七の歩の上、5六に金が乗っている形だね。金は横にも動けるけど、斜め後ろへは戻れないんだ。出す前に覚悟がいるね！,"The gold version of Reclining Silver, advancing a gold into the center instead of a silver. The defense becomes thinner, but the attack gains thickness."
相掛かりで、中央の歩のすぐ上に銀を構える形だよ。歩に腰掛けているように見えるから腰掛け銀。真ん中の銀は斜め前と真っすぐ前に利くから、中央から左右どちらへも出ていけるんだ。,"A strategy that places the silver in the middle ranks for attack-defense balance. Reclining Silver can flexibly handle both attack and defense, and appears very often in professional games."
角道を止めないまま中央に飛車を構え、後手からでも主導権を取りにいく中飛車だよ。名前の由来は、考案した近藤正和七段がいつ見てもご機嫌だったから、らしいよ。ご機嫌な人柄がそのまま戦法名になっちゃったんだね！,"A Central Rook devised by Masakazu Kondo that moves the rook to the center while keeping the bishop diagonal open. The Cheerful name is fun, and its good attack-defense balance makes it popular with professionals and amateurs alike."
中央の歩を五段目まで伸ばし、銀を5六へ進めて支え、盤の真ん中を押さえる作戦だよ。中央を取られると、相手の銀や金は真ん中へ出にくくなることがあるんだ。玉頭ではなく真ん中を制圧する、そういう位の取り方。,A strategy that advances the central pawn to the fifth rank to take a vanguard. The aim is to occupy the center firmly and restrict the opponent's movement.
相掛かりの5手目に、角の頭を守らずに2四歩と突く手だよ。江戸時代から先手が不利とされてきた手なんだって。それでも一直線に負けるわけではないから、ロマンのある一手だね！,"A surprise in Double Wing Attack that suddenly pushes a pawn on Black's fifth opening move, like lighting a bomb fuse. If the opponent responds incorrectly, things can become serious."
右の金を5七、さらに4六まで進めて、中飛車の動きを封じる作戦だよ。4六金戦法とも呼ばれる、金立ち戦法の一つなんだ。ツノ銀中飛車が4筋の歩で反発してきても、金ならスッと引けるので、相手の突きが甘くなるんだよ！,A Static Rook plan against Cheerful Central Rook that raises the gold early and launches an ultra-quick attack. The gold's strength directly suppresses Central Rook's central breakthrough.
金を6六まで押し出し、桂を7七へ跳ねた形だよ。守りの駒である金を前線へ出す、思い切った形なんだ。どっしり構えるというより、ゴリゴリ行く感じだね。ちょっぴり腕が太くなった気がするよ～！,"A strategy that drives a defensive gold to the front and attacks by force. As the name suggests, it pushes hard. If you do not know it, it can be startling."
「南禅寺の決戦」で阪田三吉贈名人が指したと言われる二手目の端歩だよ。続く「天龍寺の決戦」では反対側の端を突いたと言われているんだ。天龍寺の端歩の真意には諸説あるんだ。たった一歩が歴史に残るなんて、すごいよね！,"The legendary move Sankichi Sakata played against Yoshio Kimura in the 1937 Battle of Nanzenji. It was considered a bad move at the time, but modern professionals say it is difficult to refute."
角交換を金で取り返してから、向かい飛車に振る形だよ。守りの駒である金を攻めに活用して、飛車先を逆襲するのが狙いなんだ。阪田三吉贈名人の名が付いているけど、元は江戸時代からある形なんだって！,"Named after a game Sankichi Sakata played in 1919, though the original joseki actually existed since the Edo period. Its appeal is a natural route from bishop exchange into Opposing Rook."
四間飛車に対する左銀の急戦だよ。金を6八へ上がって相手に6筋の歩を突かせてから、飛車を3筋へ寄せて仕掛けるんだ。名前は考案者と広めた棋士が、どちらも東京の鷺宮に住んでいたことから、と言われているよ！,"A quick-attack plan against Fourth File Rook devised by Teruichi Aono and used by Kunio Yonenaga in title matches. Both lived in Saginomiya, Tokyo, which is how the Saginomiya Joseki got its name."
角交換から右の銀を攻めに使っていく四間飛車だよ。江戸時代の棋聖と呼ばれた天野宗歩が指した棋譜が残っていて、宗歩四間飛車とも呼ばれるんだ。錆びた刀でゴシゴシ切るような印象から付いたのでは、と言われているんだ！,"A type of Bishop Exchange Fourth File Rook, also called Soho Fourth File Rook. It is said to derive from Edo-period genius Amano Soho, though there is only one surviving record of him playing this shape."
振り飛車のなかでも、攻め駒を活用しやすい戦法だよ。左の銀を二通りに使えるから、相手が急戦でも持久戦でも同じ構えから対応できるんだ。相手が棒銀で来たときなど、四間飛車より一手得することもあるよ！,"The basic Third File Rook form, swinging the rook to the third file. Its bishop-line attacks and compatibility with Mino Castle are excellent, so it is loved by everyone from beginners to professionals."
横歩取りで、角を斜め前へ一つ上げて構える戦法だよ。この角で相手の角成りの筋を受けて、かつては飛車と角が飛び交う激しい攻め合いになったんだ。内藤國雄九段が指して広めたので、内藤流とも呼ばれているよ！,"A Side Pawn Picker strategy created by Kunio Naito, also called Naito Style. White raises the bishop to chase Black's rook and seize the initiative."
横歩取りで、角の代わりに桂を早く跳ねる後手の作戦だよ。先手の出方しだいでは、その桂をさらに跳ねて角と一緒に決戦を挑む筋もあるんだ。北村昌男九段が指して注目されたので、北村流とも呼ばれるそうだよ！,"A Side Pawn Picker strategy that jumps the knight. It was first treated as a surprise, but Nobuyuki Yashiki brought attention to it by using it in a Kisei match."
相矢倉の主流となった攻め方だよ。3筋の歩を角で交換して、その角を2六か4六に据える攻め方もあるそうだよ。3七の銀を4六へ出して、桂を3七へ跳ねる形で攻める手もあるんだ！覚えておきたい形だね。,"One way to attack Yagura, sending the silver forward and gradually pressuring the opponent's castle. It looks plain, but it is a solid plan often used by professionals."
初手に対して、二手目でいきなり飛車を三間へ振る作戦だよ。二手目の三間飛車は、その開発で升田幸三賞を受けた棋士がいる戦法なんだって。二手目に工夫が詰まっているんだね！,"A strategy Kenji Imaizumi devised as a Shoreikai 3-dan, swinging to Third File Rook on White's second move. It was the first Masuda Award won by a Shoreikai member, and has been used by Kubo and Habu."
石田流を封じる狙いと言われる戦法で、角は筋違い角の形になるよ。5六の角は斜めに、2三と8三の歩をにらんでいるんだ。相手が石田流を考えているなら、ちょっと嫌な角だよね。名前の読み方も気になるね！,"A strategy for shutting down Ishida-style Third File Rook, aiming to crush it at once with Wrong Diagonal Bishop into Climbing Silver."
振り飛車のなかでも攻守のバランスに優れた、いちばんよく指される戦法だよ。基本は、相手の攻めを受けてから反撃する形なんだ。振り飛車を覚えるなら、まずはここから、と言われているよ！,"The royal road of Ranging Rook, swinging the rook to the fourth file. Its compatibility with Mino Castle is excellent, and it is so beloved that people say to play Fourth File Rook when in doubt."
角を交換せず、四手もかけて角を2六まで運ぶ相矢倉の作戦だよ。相手の3七銀戦法に対して、後手番でよく用いられたそうだよ。今ではほとんど見られなくなってしまったんだって。,A maneuver that spends four moves transferring the bishop to a good square. It is a careful way to take time and place the bishop in an ideal position.
相手が振り飛車で来たときに採る作戦なんだって。5七の銀が攻めにも守りにも働くのが、キモのひとつなんだ。ショーダンという名前も、ちょっと不思議な響きだよね！,A unique all-purpose anti-Ranging Rook strategy that answers Ranging Rook by using Opposing Rook. It is a newer plan that spread through online shogi.
昔の定跡では悪手とされていた7四歩の仕掛けが、のちに有効だとわかった形だよ。飛車取りの角成を見せられても、角を打ち返す手が見つかったんだ。昔の評価をひっくり返すなんて、研究って面白いよね！,An evolved Ishida Style revived when Daisuke Suzuki found a new move in a line Yoshio Kimura had dismissed as having a forced win against it. It won the Masuda Award in 2005.
嬉野流から角を引くのを保留して、中央の歩と銀で組む改良版だよ。相手の駒組み次第で、米長流急戦矢倉などへ合流することもできるんだ。嬉野流の創始者、嬉野宏明さん本人が、この形の本を出しているそうだよ！,"An evolution of amateur Hiroaki Ureshino's Ureshino Style. Ureshino Style won the Masuda Award, and New Ureshino Style is more flexible than the original because it pushes the central pawn before bringing out the silver."
三間飛車で角を7七に上げ、角交換から桂を跳ねて戦う奇襲だよ。角を交換しているから、桂を跳ねても攻めが止まりにくいんだ。狙いの筋がアマチュアにもわかりやすく、この戦法の本は六十刷近いロングセラーと言われるよ！,"Kunio Yonenaga's improvement to Demon Killer. Unlike normal Demon Killer, it can continue as a normal game even if the surprise fails, which is a welcome point."
金銀をジグザグに並べる雁木の新しい形だよ。角を打ち込まれにくくて、中央へのバランスもいいと言われているよ。ソフトの影響で矢倉が減った時代に、あらためて見直されて流行した形。,A new form of Snowroof revived in the modern era. It was reevaluated under AI influence as a strategy that can fight slowly from a well-balanced gold and silver setup.
米長邦雄永世棋聖が自分で新米長玉と名付けた、玉を早くから飛車側へ寄せる出だしだよ。ボナンザ系のソフトの序盤データを使えなくする狙いで、紹介された手なんだって。米長永世棋聖は、対ボンクラーズでは最善と主張！,"A plan Kunio Yonenaga used against a computer shogi engine in the first Denosen match in 2012. Moving the king on move two disabled the computer's database, a very human piece of wisdom."
5筋の歩を突いた形で、飛車を三間へ振る作戦だよ。王位戦の七番勝負で3局も指されて、注目されたんだって。5筋の歩を突いたまま三間に振るなんて、意外性があって面白いね！,"The key is to insert the Cheerful Central Rook move order first and then swing to Third File Rook, preventing unpleasant bishop drops in advance."
角を交換したとき、銀ではなく金で取り返して組む三間飛車だよ。そのあと桂を跳ねて、歩を取りながら伸び伸び指すのが狙いなんだ。王位を獲得した大一番で披露された工夫なんだって。,An exchange-bishop Third File Rook where Tatsuya Sugai starts with the Cheerful Central Rook move order and then casually re-swings to the third file. The slipped-hand-like re-swing gave it the nickname Accidental Third File. Its famous example is Sugai's 2017 Oi match win over Yoshiharu Habu.
角を交換したあと、元の筋とは違う斜めへ打ち直す戦法だよ。序盤で3四の歩を取って一歩得できるけど、不利と見る意見も根強いんだ。それに、打った角の使い道に困りがちなのも悩みどころ！,"A strategy that drops the bishop on an unusual diagonal. Winning a pawn is nice, but the bishop can become hard to use, so mastering it is difficult."
阪田流向飛車に、筋違いの角を組み合わせる形なんだって。図では、4五に出た角が相手の3四の歩をにらんでいるよ。飛車先を逆襲する狙いは単純明快だけど破壊力があって、甘く見ると一気に潰されると言われているよ！,"A surprise strategy that drops a Wrong Diagonal Bishop from the Sakata-Style Opposing Rook opening. Instruction professional Taiji Kiya devised this aggressive plan, gaining a pawn and developing into Opposing Rook."
飛車・香・角・桂の利きを端へ集めて、一点突破を狙う作戦だよ。雀を捕る槍の構えに似た角の形から、この名前がついたと言われるよ。自陣は手薄になりがち。端で攻め始めたら、駒を取られる覚悟だからもう引き返せないんだ！,"A strategy that lines up rook and lance on the edge and aims for a single-point breakthrough. Its name comes from the bishop aiming diagonally at 1三, resembling a hunter setting a spear to catch a sparrow."
角換わり腰掛け銀の将棋で、右玉に構える形だよ。5六に銀、4七に金を出して、4八に玉を置くのが目印なんだ。名前は、将棋倶楽部24でこの形を愛用した強豪「SecondStage」から来たそうだよ。,"A Bishop Exchange strategy that builds Right King and uses both silvers flexibly to counterattack. Compared with normal Right King, the silver placement is more refined and the attack-defense balance is excellent."
先手ならではの手順で、中央に飛車を構える中飛車だよ。ゴキゲン中飛車を先手番向けに改良したものをいうことが多いんだ。5筋の歩を交換する形にも組めるんだ。,A strategy for Black that pushes the central pawn and builds Central Rook. It uses Black's first-move advantage to seize the initiative aggressively.
飛車を一路だけ隣へ寄せる作戦だよ。居飛車相手には飛車先の隣の筋から揺さぶり、振り飛車相手には角の頭を狙う急戦に使うんだ。名前は阪田三吉贈名人の将棋から付いたと言われていて、一つ動かすのを袖に見立てたんだって！,"A strategy that moves the rook toward the edge. Sleeve means the side, and this rarely used side rook can show surprising attacking power."
振り飛車を相手に、玉を堅くしてから攻めていく持久戦の方針だよ。舟囲いを土台に、穴熊や左美濃などへ発展させていくことが多いんだ。穴熊に組めば、堅さを背景に飛車や角を積極的に使って攻められるんだね！,"A general term for anti-Ranging Rook plans that build slowly instead of rushing. Since you fight after making Anaguma or Silver Crown, it suits players who want to think at a slower pace."
高田尚平七段が指していた、対振り飛車の左玉だよ。振り飛車穴熊に特に有効とされ、位を取ってから飛車を横に回して攻めるんだ。ちょっと変わった攻め方で、覚えておきたい形だね！,"A strategy devised by Shohei Takada that castles the king on the rook's left side against Ranging Rook. Normally the king castles away from the rook, so the idea is reversed, but the shape has depth and many escape routes."
横歩取りから飛車を切り、自陣に角を打って二枚の角を斜めに重ねる荒業だよ。その二枚の角で3三の地点を突き破るのが狙い。アマ強豪から教わった竹部さゆり女流四段が連採して、この名前になったんだって！,A strategy devised by strong amateur Shoji Kakinuma and named after women's professional Sayuri Takebe used it repeatedly in real games. It is a surprising Side Pawn Picker tactic that sacrifices the rook immediately.
四間飛車から飛車を動かして、最後は石田流に落ち着くことが多い作戦だよ。居飛車穴熊への対策として注目された作戦なんだ。居飛車の陣形が整わない隙に飛車交換へ持ち込めば、互角以上の勝負になるんだって！,A Fourth File Rook devised by strong amateur Katsumi Tateishi that later converts the rook to an Ishida Style square. It is a rare amateur-born strategy used by professionals and received a Masuda Award special prize.
角交換のあと、四間飛車を経由せずいきなり向かい飛車にする作戦だよ。四間飛車に寄り道しないから、ダイレクトなんだ。手間を省ける代わりに、角を打ち込まれる有力な反撃があるから、そこへの備えが急所なんだ！,"A strategy that swings the rook directly to Opposing Rook immediately after bishop exchange. It is direct because it does not take a detour, and it can build an attacking shape with good tempo."
最下段にトンネルを掘るように飛車を横へ走らせ、相手の端を攻める作戦だよ。相手が穴熊だと玉の逃げ道がないから、端から一気に詰むこともあるんだ。自陣の奥を通っていく姿が、まさに地下鉄だね！,"A strategy that runs the rook smoothly along the bottom rank. As the name Subway Rook suggests, it travels from edge to edge and aims for an edge attack."
ゴキゲン中飛車に対する変化のなかでも、とびきり激しい部類のひとつだよ。序盤から、いきなり激しい戦いになる変化なんだ。研究がものを言う将棋。踏み込む勇気、ある？,A sharp strategy against Cheerful Central Rook that breaks through the rook pawn immediately from the opening. There is no time to sit back; it becomes a speed contest.
ゴキゲン中飛車へ、右の銀を3七から素早く繰り出して対抗する急戦だよ。玉は6八で待たせておいて、相手の出方を見てから穴熊や左美濃を選べるんだ。速く攻めながら、柔軟さも持っているんだね！,"A Static Rook answer to Cheerful Central Rook that sends the silver forward quickly. True to the Ultra-Speed name, it attacks fast enough that Central Rook cannot relax."
相掛かりで、一度引いた飛車の前にもう一度歩を合わせて、一気に攻めかかる超急戦だよ。端にも手をつけて歩を稼ぎながら迫るんだ。塚田泰明九段はこの戦法を武器に公式戦22連勝。当時の衝撃がしのばれるよね！,"An ultra-quick Double Wing Attack devised by Yasuaki Tsukada. He reportedly won 22 official games in a row with it, even beating Nakahara and Yonenaga. Impressive."
飛車先の歩を伸ばしてから、7筋の歩も突き出し、飛車を横に振って石田流に組む作戦だよ。名前は歩をいくつも突くことから付いたもので、セミとは関係ないと言われているよ。ちょっと残念な気もするよね！,A strategy devised by Eishun Suzuki that keeps pushing pawns one after another. The name is cute. It is an original style combining Twisting Rook and Feint Ranging Rook.
右の銀を4七に置く雁木だよ。構えたあとは、右銀を5六へ上がって腰掛け銀にするのが一つの構想だよ。桂馬が跳ねても銀に当たらず、玉をどこに置いても安定するのが持ち味なんだ！,"A Snowroof shape with two silvers lined up like horns. The silvers firmly support the center, giving it a steady, stable formation."
中央の飛車の左右に銀を構える、昔ながらの中飛車だよ。二枚の銀がツノのように見えるから、この名前。ただ玉はそれほど堅くなく、居飛車穴熊の発展も背景になって、主流から外れていったそうだよ。,A Central Rook with two silvers lined up like horns. The silvers strongly support the center and give excellent stability. It is a classic representative Central Rook form.
丸山ワクチンで角を交換してきた相手に、中飛車側が美濃囲いならふつう銀を上がる3八へ金を上がって応じる形だよ。この応じ方は、遠山流と呼ばれるそうだよ。名前の響きもかっこいいよね！,"A Central Rook style systematized by Yusuke Toyama. It features a slow-game style that stores power before attacking, and Toyama has written books on this research-heavy strategy."
相手が飛車先の歩を早く突いてきたら銀を上がり、交換されたら金を横へ寄せる後手番の作戦だよ。図は、相手が飛車先の歩を交換して飛車が出てきた形だよ。都成竜馬七段が奨励会時代に指したことから付いた名前と言われるよ。,"A strategy Ryuma Tonari played during his Shoreikai days. It uniquely answers the opponent's rook pawn with a silver rather than a bishop, and spread after Tetsuro Itodani introduced it at an event."
居飛車が穴熊を目指すなら、端の桂を跳ねて完成前に襲いかかる三間飛車だよ。居飛車が5筋の歩を突いたら、別の作戦へ切り替えるのが基本。端から飛び込む桂が狙いなんだ。攻撃の形は覚えやすいけど、見極めは少し難しいよ。,"An ultra-aggressive strategy systematized by amateur TapDice, using Third File Rook to destroy Anaguma quickly with edge attacks. Defense comes later; strike Anaguma's weakness at top speed. Go all in!"
角道を開けず、引き角で斜め棒銀を支える対振り飛車の作戦だよ。引き角が銀を支える姿が、鳥刺しの姿に似ているところから付いた名前とされるんだって！なんだかお腹が空いてきちゃった。,"A strategy that uses the bishop to precisely target Ranging Rook's weak points. The name comes from old torisashi hunters catching birds, likening the pullback bishop to aiming at prey."
右銀を下段に残したまま低く構えて、まっすぐ飛車交換を狙う居飛車だよ。用心されたらその銀を繰り出して戦えるから、ただ待っているだけの陣形じゃないんだ。ドラゴンって、かっこいいよね！,"An aggressive strategy using a pullback bishop. Dragon Special sounds like a finishing move, which makes it exciting."
美濃囲いに組まず玉を低く留め、端攻めと角の利きで居飛車穴熊を崩す三間飛車だよ。中田功八段の三間飛車は、広くコーヤン流とも呼ばれるよ。XPは、当時最新だったWindowsにちなんだ名前なんだって！,"A quick attack from Ko-yan Isao Nakata's Third File Rook, jumping the knight early to attack Anaguma from the edge. The XP name was given by Akira Shima after Windows XP at the time."
飛車を中央の5筋に構える作戦だよ。守りは中原囲いという、初形から銀が上がっただけの簡素な囲いを一路ずらした形なんだ。中原囲いを現代将棋に応用したのが、中原誠十六世名人なんだよ！,"A strategy named after Makoto Nakahara, floating the rook to the middle ranks from Double Wing Attack. The attack speed is slow, but the destructive power is outstanding, fitting Nakahara's bold style."
中原誠十六世名人が、名人位を失ったあとに棋風を変えて編み出した相掛かりだよ。厚く囲うより陣形のつり合いと手数の節約を選ぶ発想で、この棋風改造は、いまのバランス重視の将棋につながる転換点のひとつとされるんだ。,"A Double Wing Attack style Makoto Nakahara devised while remaking his playing style. Nakahara, known for Natural Style, shifted from this into intense aerial battles."
二枚の銀を中央へ繰り出して、金銀の厚みで押さえ込みも狙う後手番の急戦矢倉だよ。金銀三枚で玉を固める普通の矢倉と違って、守りの金まで前に出して攻めるから、玉はとても薄いんだ。中原誠十六世名人が愛用した作戦。,"Makoto Nakahara's quick Yagura attack, where the gold advances to the front. Using a defensive gold for attack is rather bold."
飛車を中央の5筋に置く振り飛車で、初心者の入門戦法としても有名だよ。左の金を囲いに使いにくいので、玉はあまり固くならないんだ。ゴキゲン中飛車が登場する前は守り重視とされたけど、攻める中飛車も広まったよ。,The basic form of Ranging Rook that moves the rook to the center. It attacks from the middle of the board with a simple idea and has good attack-defense balance.
中飛車に構えながら、玉を左の穴熊へ入れる作戦だよ。飛車が中央にいるからこそ、左右どちらへも囲えると言われるんだ。5五の位で角交換からの仕掛けを防ぎながら、ゆっくり堅く囲ってしまうんだね！,A plan that builds Central Rook while placing the king in Left Anaguma. It greedily combines Central Rook's attacking power with Anaguma's solidity.
将棋VTuberの菜々河れいさんの名が付いた、四手目からの向かい飛車だよ。阪田流をより積極的にした形で、こちらの望む展開へ相手を誘い込める確率が高いんだ。プロが公式戦で採用したほどなんだ！,"An Opposing Rook researched and developed by shogi VTuber Nanakawa Rei and friends. Professional Takayuki Kuroda used it in an official game, drawing attention as a VTuber-born strategy."
菜々河流向かい飛車の入り口になる、四手目の角上がりだよ。三手目で飛車先を伸ばしてきた相手に対抗する発想から生まれた一手で、こちらの望む形へ誘導しやすくなるんだ。ここから向かい飛車へ組むのが楽しみだね！,"A surprising strategy by shogi VTuber Nanakawa Rei that raises the bishop immediately in the opening. Professional Takayuki Kuroda won with it in an official game, and Mynavi even published a book on it."
飛車を袖へ寄せて見せることで、相手の攻めを誘い出す作戦だよ。表向きは突破狙いだけど、本当は角交換のあとの陣形勝ちを目指しているんだ。ちょっと変わった名前だけど、覚えておきたい作戦だね！,"An unusual quick-attack plan against Cheerful Central Rook that shifts the rook. The sub name indicates it is not a pure quick attack, but has a somewhat distinctive timing."
初手からいきなり飛車を三間へ振る作戦だよ。図では、飛車が7八に振られて、角は8八のまま隣に並んでいるんだ。猫だまし、という呼ばれ方もある。一手目で全部宣言しちゃうの、潔いよね！,"A groundbreaking strategy devised by Keita Kadokura that swings the rook to the third file immediately. Swinging first lets you fight while keeping the bishop diagonal open, its greatest advantage. Toshiaki Kubo has also used it in title matches."
走ってきた飛車の前へ歩を打つ、後手の変化だよ。わざと横歩を取らせてから、角を打って反撃するのが狙いなんだ。ただし受け方を知っていれば先手が指せるとされるので、迎え撃つ側も準備がいるんだね！,"An old Side Pawn Picker defense using a pawn drop. Since an effective answer for Black was found, it is now rarely played."
二枚の銀が中央の歩を挟んで並ぶ、相矢倉の急戦だよ。場合によっては中央の歩を交換して、3筋から角と銀の総交換を狙うんだ。名前を聞くだけで、忍者になった気分だね。ニンニン！,"A fast attack in Double Yagura pioneered by Nobuyuki Yashiki. The defending silver slips out of the castle and joins the attack like a ninja, which is where the cool name comes from."
飛車を四間の6筋に振って、角を7七に構えた四間飛車の形だよ。駒の並びを見るだけで、どんな作戦なのかわくわくしちゃうね！はく式、という名前も気になるよね！,"A Fourth File Rook devised by shogi YouTuber Haku, exchanging bishops voluntarily and then dropping a bishop back in his own camp. It is a distinctive strategy recommended for players who want an attacking Fourth File Rook."
横歩取りで飛車を五段目に引く後手の作戦だよ。考案した中座真八段の名前から、中座飛車とも呼ばれるんだ。後手番なのに異常な高勝率をたたき出して、大流行したよ！,"A White Side Pawn Picker strategy devised by Makoto Chuza, where pulling the rook to the fifth rank was innovative. White can attack easily, and it became so popular among professionals that it is almost synonymous with Side Pawn Picker."
居飛車の囲いのひとつ、雁木囲いを含みにして戦う作戦とされているよ。漫画『ハチワンダイバー』に登場する戦法だよ。名前の響きからして、気になる作戦だよね！,"A strategy from the manga 81diver, delaying the choice between Static Rook and Ranging Rook until after seeing the opponent's setup. The manga author even used it and won at an event."
歩をほとんど動かさないまま、四手目でいきなり飛車を袖へ寄せる指し方だよ。棋聖戦五番勝負の第3局で、羽生善治九段が初めて披露した、とても印象的な構えなんだ。,"A Sleeve Rook shape shown by Yoshiharu Habu in the 2018 Kisei match. Raising the gold before moving the rook removes Cross Rook's weakness, showing Habu's ingenuity."
三手目に7五歩と突いて、相手の出方によっては本組みを待たずに速攻を仕掛ける石田流だよ。ただし相手が角道を開けてくれたときに使える作戦だから、仕掛けられるかどうかは相手次第。早い、とにかく早いんだ！,"A Third File Rook that pushes a pawn immediately in the opening to aim for speed. It used to be called a trap line, but Kozo Masuda turned it into a proper strategy."
角換わりで銀を斜め前へ素早く繰り出す形だよ。棒銀には強いけれど腰掛け銀には弱いとされているんだ。その腰掛け銀がよく指されるから苦労もするけれど、いまも有力な急戦策として研究されているよ。,"A strategy that quickly sends the silver to the front. True to the Speed name, it aims to strike before the opponent can finish their formation."
相手の角の通り道へ、タダで取れそうに見える歩を突き出す奇襲戦法だよ。パクッと食べさせてしまう、ユニークな一手なんだ。取ると、とても激しい戦いになるんだって！,"A surprise strategy that eats a pawn with a snap, like the game Pac-Man. The pawn may look free, but taking it can trigger a fierce brawl, so caution is required."
左美濃を土台にして、振り飛車へ仕掛ける作戦だよ。左美濃は持久戦にも急戦にも使える囲いで、図は右銀を4六へ出し、角は8八のままなんだ！どう仕掛けるか、考えるのが楽しいね！,"A balanced attack-defense plan that launches a quick attack from the solid Left Mino castle. Since it is harder than Boat Castle, you can feel safe even if the attack is not perfect."
相掛かりで働かせた飛車を、左へくるっと回して石田流に近い形を目指す戦法だよ。相手に守りの金を動かさせて、玉の守りを薄くさせるのが狙いなんだ。かつては非常に有力な攻撃戦法として猛威を振るったんだって！,"A strategy that twists the rook sideways. A rook that began as Static Rook changes into Ranging Rook partway through, making it hard for the opponent to respond."
金銀四枚を低く並べた中飛車の構えだよ。囲いの形がヒラメに似ているから平目なんだって。打ち込みに強い囲いだから、振り飛車でも角交換になる展開に対応しやすいんだ！,The name comes from the way the pieces around the king resemble a flatfish. The low formation with four golds and silvers is very solid and strong against bishop exchange.
玉を囲う手を後回しにして、居飛車穴熊へ攻めかかる戦法だよ。相手の穴熊が完成する前に戦いを始めるのが狙いなんだ。美濃囲いを完成させてから戦う従来の考えとは違う、藤井猛九段の発想なんだ！,A revolutionary Fourth File Rook strategy created by Takeshi Fujii to defeat Static Rook Anaguma. The idea of attacking before the opponent can enter Anaguma was so important that it changed Ranging Rook history.
居飛車の囲いだったミレニアムを、振り飛車側で使う作戦だよ。美濃より玉が堅くて戦場からも遠いから、美濃では踏み込めない攻め方ができるんだ。振り飛車の守りは、美濃と穴熊だけじゃないってこと！,"A Ranging Rook strategy that moves the king to the edge and enters Millennium Castle. It adapts the Static Rook Millennium to Ranging Rook, giving it a different kind of solidity from Anaguma."
誰かさんが生み出した、対振り飛車の急戦なんだって。駒組みを省いて、最短で歩をぶつけて角交換を挑むんだ。居飛車有利みたいなんだけど、名前でちょっぴり損してそうだよね。,An ultra-fast anti-Ranging Rook quick attack developed by shogi YouTuber Sugar. The name comes from a former Shoreikai acquaintance saying that losing to this would make them quit Ranging Rook. Mynavi also published a book on it.
石田流の飛車を、金の力で押さえ込んでしまう作戦だよ。突破ではなく封じるのが狙いなんだ。前へ出た金が玉から離れるので、攻められると自玉が薄くなることもあるんだね！,"A strategy that sends a gold straight forward for attack, even though gold is normally used for defense. Seeing the gold push on the front line is surprising, but powerful."
振り飛車の角の頭をめがけて、銀を飛車の前へ繰り出す急戦だよ。飛車・銀・歩を攻めたい場所に集めて、相手の守りより多い駒でぶつかる数の攻めが基本なんだ。徳永さんといえば、これ一本だよね！,"A basic shogi strategy where the silver advances straight ahead and attacks together with the rook. It is simple but deep, and is also famous as a lifelong favorite of Hifumi Kato."
飛車を8筋へ振りながら、銀だけは反対の右端まで繰り出す形だよ。飛車は8筋、銀は右端の1筋と大きく離れていて、玉は真ん中に残ったまま。ずいぶん型破りな配置で、ちょっと驚いちゃうね！,"A slang term for wild play represented by Yasumitsu Sato, moving the silver repeatedly for several consecutive moves. A famous Kio match saw a silver move five times in a row; raging silver became Bo-gin."
四間飛車への急戦のひとつで、古典定跡の一戦型なんだ。桂をわざと捨てて角を交換し、その代わりに飛車先を突破するのが狙いだよ。桂を使うのは気持ちがいいよね！ポンポーン！,"A quick attack against Fourth File Rook that jumps the knight repeatedly. It is also called Tomizawa Kick after the late Mikio Tomizawa, who used it often. Sacrificing the knight to break through the rook file is a bold plan."
四間飛車から金を前線へ送り出して、筋の位を支えにいく形だよ。囲いに使うはずの金が最前線にいるのが、なんとも不気味なんだ。魔界でも将棋って指されているのかな？,"An irregular Fourth File Rook formation that raises the gold to the front and takes an aggressive shape. As the Demon World name suggests, it is quite different from normal Fourth File Rook."
早石田をプロでも通用する形へ発展させた工夫だよ。最大の特徴は角交換をすること。升田幸三実力制第四代名人が指した当時、振り飛車からの角交換はタブーとされていたんだ。それだけに、大変な衝撃だったんだ。,"A common-sense-breaking style Kozo Masuda showed, allowing bishop exchange despite playing Ranging Rook. The whole shogi world was shocked, and players in casual street shogi imitated it too."
飛車を三間に振って、位を取っていく形だよ。図では、飛車を7八に振って玉を2八へ寄せているんだ。銀は4六と3八に構えているんだね。位を取ったら中央から勢いよく攻めたいね！,"A Third File Rook anti-Anaguma plan favored by Kazuo Manabe. It takes a central vanguard and attacks gradually from High Mino Castle, a seasoned and tasteful style."
玉はいちばん安全な場所へ。玉を自陣の奥ではなく前へ出していく戦法だよ。玉をどんどん上へ進めて、そのまま入玉を目指すんだ。こんなに難しい戦法を使いこなすなんて、みくりちゃんはさすがだよね！,"An entering-king strategy devised in the 1940s by professional Junichi Mamiya. With the bold idea that the safest place is the enemy camp, it sends the king toward the opponent's side from move one. Wow."
ゴキゲン中飛車に対して、早めに角を交換してしまう対策だよ。名前は、よく指した丸山忠久九段にちなんで、同じ名字の医師・丸山千里さんの薬「丸山ワクチン」になぞらえたそうだよ。有力な対抗策の一つなんだ！,"A strategy against Cheerful Central Rook created by Tadahisa Maruyama. The name comes from sharing a surname with Chisato Maruyama, developer of the Maruyama vaccine. It actively challenges Cheerful Central Rook with bishop exchange."
玉を飛車と同じ右側へ構える戦法だよ。堅さではなく、玉の広さを生かして、粘り強く戦うことを狙うんだ。相手が攻めてくる筋へ飛車を回して受けることもできるんだね！,"A flexible strategy that places the king on the right. It dodges the opponent's attack while aiming for counters, a rather mature style."
飛車・角・銀の力を4筋に集めて、まっすぐ攻め込む戦法だよ。左美濃や穴熊などの囲いとも組み合わせられるんだ。飛車を振るのに居飛車、という不思議な立ち位置なんだ。,"A strategy that moves the rook to the fourth file from the right and concentrates rook, bishop, silver, and knight on one point. The moment everyone attacks together with a big boom is the best. It is my strongest strategy."
四間飛車を相手に、右四間の陣を急いで整えて仕掛ける作戦だよ。桂を跳ねてから4筋に歩をぶつけて仕掛けるんだ。相手の囲いが完成する前に仕掛ける、スピード重視の指し方なんだね。,"A fast-attacking Right Fourth File Rook that attacks immediately. The castle is minimal, and everything is decided by attack speed. It feels amazing when the attack lands."
攻撃力の高い右四間と、矢倉より短い手数で組める左美濃を合わせた、攻撃的な構想だよ。囲いに時間をかけず、角のラインも攻めに使える左美濃で、攻めを急げるんだ。この二つは相性がいいんだよね！,"A balanced plan combining the attacking shape of Right Fourth File Rook with the solid Left Mino castle. It does not only attack; it defends well too, so you can fight with confidence."
飛車を相手の飛車と真正面から向き合わせる作戦だよ。相手の飛車先を逆襲するのが、この戦法の骨子なんだ。相振り飛車の向かい飛車では、浮き8六の飛車に7七の桂と6六の角を組み合わせた形が理想の一つと言われるよ！,"The basic Opposing Rook form, swinging the rook to face the opponent's rook directly. It can easily meet the opponent's rook pawn and aims for counters."
角道を開けず、玉の頭の5筋の歩を早く突いて右銀を使う作戦だよ。相手の出方を見て、角道を開けるか角を引くかを選ぶんだ。考案者の本の題名には「オールインワン」って付いてるんだ。,"A strategy devised by Akihiro Murata that develops without opening the bishop diagonal. It is an all-in-one plan that can use nearly the same shape whether the opponent chooses Static Rook or Ranging Rook, and it won a Masuda Award special prize."
相手が飛車先を8五まで伸ばした局面で、飛車を7七へ浮いている形だよ。飛車が7七にいると、8七の歩に横から利いているんだ。ムリヤリって自分で言っちゃうの、正直でいいよね！,"A forceful plan that aims for Ishida Style no matter what the opponent does. Even if bishops are exchanged, it pushes ahead believing that in the opening, bishop matters more than rook."
初手7八銀から始める戦法で、銀と角が縦に並ぶ形になるよ。棒銀や中飛車への対策をまとめた本もあるんだ。名前もかわいくて、一度聞いたら覚えやすい戦法だね！,A comprehensive strategy that starts by raising the silver immediately. Its appeal is that it can reach this shape regardless of the opponent's opening.
飛車先の歩を2五まで伸ばして、飛車を2六へ浮かせる形だよ。角道は開けず、玉や金銀は初期位置のままなんだ。名前からして、相手を惑わせそうだよね！ちょっと気になる戦法なんだ。,A surprise strategy that floats the rook to the middle ranks early and wanders around taking pawns. It is also known as Excited Rook.
向かい飛車に構えて、7筋の位を取って攻める作戦だよ。7筋の位から銀が出られるので、飛車先を伸ばされなくても反撃しやすいらしいんだ。名前は、考案者の出身の横浜、メリケン波止場のイメージから付いたそうだよ！,"An aggressive Opposing Rook devised by strong amateur Kosuke Yokoyama, who named it Meriken Style himself. It takes a vanguard, advances the gold, and attacks hard."
先に玉の囲いを進めて、攻めの形は相手を見てから決める矢倉だよ。以前の矢倉には三すくみの関係があって、後出しが理にかなっていたとも言われるんだ。森下卓九段が体系化した作戦。,"A Yagura style devised by Taku Morishita, characterized by calmly parrying the opponent's quick attacks and building up patiently. It feels like taking the long route because it is the sure route."
矢倉を組もうとする相手に、飛車を中央へ振って仕掛ける主に後手番で使われる急戦だよ。矢倉は駒組みに時間がかかるので、その間に後手が先攻する狙いなんだ。攻める力は強いけど、玉が薄くて反撃を受けやすいんだって！,A strategy that moves the rook to the center and aims for a central breakthrough while the opponent tries to build Yagura. It directly attacks Yagura's central weakness.
矢倉の戦いで、銀を飛車先へまっすぐ繰り出す攻め方だよ。相手が玉側の端の歩を突いていたら、端を絡めて一気に攻めるのが狙いなんだ。棒銀は単純そうでも、相手の受け方を知らずに攻めると簡単に潰されることもあるよ。,A clear and powerful strategy that builds Yagura and then attacks straight ahead with Climbing Silver. The silver's charging power pries open the opponent's Yagura.
角交換した四間飛車から、相手の構え次第で6筋を突破しにいく戦法だそうだよ。銀は6七から5六へ腰掛けて、6五へ歩を突いて攻めるんだ。金は7八と4九で守りを固めているんだね。お坊さんが考えたのかな？,"A type of Bishop Exchange Fourth File Rook devised by Yaba Bozu. Its plan is clear and easy for beginner and intermediate players to handle, with a very high win rate."
3筋の歩を突いて仕掛ける手順を定跡にした、対四間飛車の急戦だよ。山田道美九段が、当時の四間飛車を打ち破るために研究したとされるんだ！覚えておきたい定跡だね！,A basic anti-Fourth File Rook quick-attack joseki researched by Michiyoshi Yamada to defeat Yasuharu Oyama's Fourth File Rook. Using the left silver to attack was a revolutionary idea at the time.
佐々木勇気八段が考案した横歩取りの作戦だよ。青野流と同じく桂を使って攻めるけれど、玉を6八へ上がって金を守り、受けの手を省けるのが工夫。右側の攻め合いなら玉が遠いと言うけれど、戦場に近づく面もあって一長一短！,"An aggressive Side Pawn Picker style devised by Yuki Sasaki. Without pulling the rook back, it uses the knight and attacks hard. It is a serious strategy that won the Masuda Award."
一度振った飛車を、また元の側へ戻す作戦だよ。狙いは、天守閣美濃のような左美濃への玉頭攻め。相手の飛車の横利きが消える変化になれば、2筋から玉頭を攻める手順が成立するんだ！,"A strategy that returns the rook to its original square after first swinging it, going back to Static Rook. By pretending to be Ranging Rook and making a U-turn, it disrupts the opponent's formation plans."
相掛かりで、棒銀のように2筋へ進めず3六へ銀を出していく、ちょっと変わった形だよ。2筋を攻めるぞと見せて相手の駒組みを縛るのが狙い。左右に揺れて上がる銀がUFOみたいなんだって！,"The silver floating out to the front looks like a UFO, which is where the name comes from. It restricts the opponent's development in Double Wing Attack, and the name is cute."
居飛車に見せかけて駒組みし、途中で飛車を振り直す作戦だよ。矢倉を目指した相手には、横からの攻めにあまり強くない矢倉の弱点を突けるという理屈もあるんだ。古くから知られた形なんだって。,"A strategy that starts like Static Rook, then suddenly swings the rook and surprises the opponent. Feint means drawing the opponent's attention away."
美濃囲いに組まず、玉を3八に置いて戦う四間飛車だよ。端攻めの反動を受けにくくなる、というのがねらいなんだ。「耀龍」は、あらゆる駒を耀かせて龍の舞を披露する、という意味の造語なんだって！,"A new Fourth File Rook devised by Takahiro Ohashi, aiming to let the opponent build Anaguma and then beat it at the edge. It is the reverse idea of the Fujii System and won the Masuda Award."
飛車で横の歩も取る居飛車の戦型だよ。歩を一枚得する代わりに、飛車を戻すのに手数がかかって相手に手番を渡すんだ。だから珍しく後手のほうが先に攻めの形を作れる。歩得と手得、永遠のテーマだね！,"A Side Pawn Picker opening where the rook takes a side pawn and both sides fight over a pawn gain. The opening often becomes sharp, and professional research keeps advancing at the cutting edge."
相手が矢倉を組んでいる最中に、角と桂の力で6筋から急襲する後手番の作戦だよ。自分は玉を金2枚で低く守ったまま仕掛けるんだ。受け身な後手から積極的に動ける作戦で、米長邦雄永世棋聖が好んで指したそうだよ。,A quick attack against Yagura favored by Kunio Yonenaga. It strikes quickly and seizes the initiative while the opponent leisurely builds Yagura.
横歩を取らせたあと、角交換から角を打って一気に潰しにかかる奇襲だよ。正しく受けられれば相手がよくなるんだけど、一つでも間違えるとあっという間。だからアマチュアには、いまも根強い人気があるんだ。,"A surprise strategy that drops a bishop immediately from Side Pawn Picker. It has existed since the Edo period, and Koji Tanigawa used it repeatedly when young, even recording a win in 36 moves."
四間飛車の角は、こちらの飛車の突破を防いでいることが多いんだ。そこで歩をぶつけて角交換を挑み、その角をどかしてから飛車を成り込むのが狙いだよ。守り駒を消してから攻める、理にかなった急戦。,"A speed-focused anti-Ranging Rook quick attack that pushes a pawn early and challenges bishop exchange. If the Ranging Rook side takes it easy, they can be overrun quickly."
四間飛車を経由してから、三間飛車へ振り直す作戦だよ。後手番でも石田流を目指すための工夫で、途中の乱戦を避けられるのが利点なんだ。名前が矢印なの、分かりやすいよね！,"A strategy devised by Makoto Tobe that first swings to Fourth File Rook and then re-swings to Third File Rook. It is read Yon-San, from four to three, like getting off midway before heading to the real destination."
左の銀を攻めに使って仕掛ける、4六銀の急戦だよ。左の銀を6八・5七と前に出して4六へ進め、相手の銀の位置で攻め方を変えるんだ。右銀で仕掛ける形より、守りが薄いと言われているんだね！,"An anti-Ranging Rook quick attack that sends the left silver to the front. It is one of Static Rook's basic attacking plans, with many deep variations."
右の銀を使って仕掛ける急戦だよ。居飛車穴熊と同じ指し手で組めるのが、この戦法の特徴なんだ。藤井システムの居玉をとがめる作戦として発展してきたとされるよ！,"An anti-Ranging Rook quick attack that sends the right silver to the front. The difference from Left Quick Attack can be subtle, but changing the silver's path changes the attacking shape."
考案者が大学の大会で、予選から本戦まで九局すべてこれを指して優勝したことで、この呼び名が広まった作戦だよ。角交換した四間飛車を、穴熊の堅さと組み合わせるんだ。レグスペは、白色レグホーンスペシャルの通称なんだ！,"Officially called White Leghorn Special. It is a Bishop Exchange Fourth File Rook Anaguma developed by the University of Tokyo Shogi Club, combining Anaguma castling with all-out bird attack, named after the White Leghorn chicken breed."
互いの角を向かい合わせたまま、ほぼ同じ形で駒組みを進める相矢倉だよ。手順の関係で先手のほうが先に組み終わるから、角交換を仕掛けるのも先手になりやすいんだ。脇謙二九段が深く研究した作戦だよ！,"A same-shape Yagura strategy devised by Kenji Waki, where both sides build matching Yagura formations. From the mirror-like board, the player who attacks first gains a slight edge, making the timing battle interesting."
飛車を初期位置のまま使って戦う、将棋の基本スタイルのひとつだよ。振り飛車と対になる大きな分類で、飛車側で攻めて玉側で守る、役割分担のはっきりした戦い方なんだ。まずはここから覚えていこう！,"One of shogi's basic styles, fighting with the rook on its starting square. It is a major category paired with Ranging Rook, balancing attack on the rook side with defense around the king."
後手番ならではの駒組みや作戦のことだよ。先手の出方を見てから方針を決められるのが後手の強み。じっと待って、カウンターを狙う戦い方ができるんだ。受けて立つのも楽しいよね！,"Unique piece development and plans specific to playing White. White's strength is deciding a plan after seeing Black's setup, making counterattacking play possible."
飛車を左側へ移動させて戦う、攻守一体のスタイルだよ。居飛車とはまったく違う世界が広がっていて、美濃囲いとの相性もバツグン！さばいて攻めるのが気持ちいいんだ。振り飛車党にはたまらないよね！,"An attack-defense style that moves the rook to the left side. It opens a world completely different from Static Rook and pairs perfectly with Mino Castle, making it irresistible for Ranging Rook players."
右端に浮かせた飛車と同じ筋の奥へ、玉を潜らせる形だよ。飛車は端に浮かせたまま、玉の囲いだけを穴熊にするんだ。「玉飛接近すべからず」の格言は、どこへ行ったんだろうね！,"A form combining First File Rook with Anaguma. It attacks with the edge rook while defending solidly with Anaguma, making it a representative First File Rook setup."
金銀を左右対称に低く並べる戦法だよ。並んだ金銀がアヒルの両足に見えることから、この名前が付いたんだ。見た目は愛嬌があるけど、打ち込みの隙が少なくて意外と手強いんだよ！,"A strategy that places golds and silvers symmetrically, creating a cute formation like a duck walking. It looks funny, but has few weaknesses to piece drops and is surprisingly tough."
悪戯の駒,Mischief Pieces
月夜のいたずら心を宿した駒。宿舎で設定することで駒を変更できる。,Pieces imbued with moonlit mischief. Set them in Lodging to change your pieces.
悪戯の駒〈極〉,Mischief Pieces <Ultimate>
甘いささやきを纏った特別な駒。宿舎で設定することで駒を変更できる。,Special pieces wrapped in a sweet whisper. Set them in Lodging to change your pieces.
悪戯の盤,Mischief Board
満ちた月が屋敷を見下ろす盤面。宿舎で設定することで将棋盤を変更できる。,A board where a full moon gazes down upon a mansion. Set it in Lodging to change your board.
悪戯の盤〈極〉,Mischief Board <Ultimate>
弓なりの月が屋敷を妖しく染める特別な盤面。宿舎で設定することで将棋盤を変更できる。,A special board where a crescent moon bathes the mansion in an eerie glow. Set it in Lodging to change your board.
悪戯-本章,Mischief - Main Chapter
月夜に弾む、甘いいたずらの予感。宿舎で設定することでBGMを変更できる。,The promise of sweet mischief dances through the moonlit night. Set it in Lodging to change your BGM.
悪戯-終章,Mischief - Final Chapter
甘いささやきが、月夜の宴を彩る。宿舎で設定することでBGMを変更できる。,Sweet whispers enliven the moonlit revelry. Set it in Lodging to change your BGM.
アイコン「【月夜の悪戯】西園寺レイナ」,Icon: [Moonlit Mischief] Saionji Reina
月夜に微笑む、いたずらな小悪魔。宿舎で設定することでアイコンを変更できる。,A mischievous little devil smiling in the moonlight. Set it in Lodging to change your icon.
月夜の悪戯,Moonlit Mischief
月夜の悪戯〈極〉,Moonlit Mischief <Ultimate>
技有「【月夜の悪戯】西園寺レイナ」,Great Move: [Moonlit Mischief] Saionji Reina
【月夜の悪戯】西園寺レイナの技有ボイス。,Great Move voice for [Moonlit Mischief] Saionji Reina.
秒読み「【月夜の悪戯】西園寺レイナ」,Byoyomi: [Moonlit Mischief] Saionji Reina
【月夜の悪戯】西園寺レイナの秒読みボイス。,Byoyomi voice for [Moonlit Mischief] Saionji Reina.
リザルト「【月夜の悪戯】西園寺レイナ」,Results: [Moonlit Mischief] Saionji Reina
【月夜の悪戯】西園寺レイナのリザルトボイス。,Results voice for [Moonlit Mischief] Saionji Reina.
